0,48,38,88,20,79,78,36,31,40,43
1,66,39,85,47,86,43,42,60,42,60
1,65,39,52,5,84,27,55,79,47,64
0,37,32,12,26,39,99,6,56,55,47
0,18,39,7,40,28,60,13,77,44,54
0,38,33,82,62,50,42,88,54,64,48
1,98,40,16,74,61,40,85,92,44,70
0,40,40,61,78,24,72,25,44,68,45
1,63,40,11,28,47,60,100,43,39,59
0,58,33,25,71,52,63,7,32,52,41
0,29,37,14,84,8,65,62,37,51,44
1,55,43,78,23,64,57,82,93,25,57
1,60,39,70,76,36,1,61,84,42,33
1,89,44,55,0,6,57,20,53,30,41
1,90,38,74,2,74,37,70,32,27,38
0,27,30,15,43,17,53,16,78,61,58
0,29,38,34,34,25,66,89,89,62,49
1,87,39,10,24,98,55,60,35,47,57
1,98,40,57,80,26,30,65,85,30,37
0,45,37,65,50,73,56,11,79,53,53
0,55,32,42,73,8,80,40,45,59,48
0,37,30,86,37,4,86,40,81,55,52
0,14,39,16,84,13,62,50,36,58,46
0,33,30,80,73,39,41,87,77,51,44
1,97,37,60,65,53,51,60,54,25,51
1,95,43,97,36,85,23,51,30,42,59
1,58,43,90,34,10,12,13,61,21,70
1,74,37,58,65,58,15,69,60,28,60
0,40,36,30,73,87,50,13,24,62,40
1,87,39,44,38,6,33,99,95,38,60
1,58,41,24,47,69,48,66,57,25,30
1,71,40,46,61,16,42,17,57,46,67
1,79,45,95,62,6,2,88,70,41,47
0,49,35,35,98,24,90,85,58,67,52
0,2,31,52,75,1,49,12,63,69,49
1,61,38,48,30,85,58,13,50,46,60
0,51,36,0,98,44,76,5,88,45,55
1,97,40,18,79,56,29,12,69,22,53
1,43,35,11,5,38,1,21,85,50,64
1,68,38,60,63,70,1,29,81,48,67
0,9,30,85,69,61,92,32,20,54,40
1,74,39,22,41,38,48,62,58,32,67
1,89,42,47,55,92,11,34,68,29,67
1,60,37,98,9,99,17,49,50,29,46
1,70,41,18,30,56,45,75,37,26,43
0,16,38,34,50,89,81,71,79,64,43
0,23,36,22,71,79,54,11,82,51,60
1,43,41,83,0,53,1,93,60,23,40
1,81,41,61,30,42,6,49,93,34,47
1,41,37,71,32,19,29,90,99,40,41
0,59,38,88,65,40,99,17,85,52,50
0,24,37,36,57,38,61,10,40,58,47
0,40,39,90,65,88,49,3,40,61,53
0,39,35,32,47,67,65,35,61,44,52
1,61,45,78,2,61,12,93,65,20,65
0,31,38,24,84,63,46,7,50,49,45
1,47,38,70,0,77,27,69,93,41,42
0,3,39,90,92,92,82,4,66,66,57
0,32,35,52,25,67,58,48,24,68,60
1,72,45,63,20,24,21,49,72,48,34
0,17,34,34,67,16,62,48,73,57,60
1,83,42,66,0,42,35,95,83,42,58
1,46,41,56,14,70,41,45,63,34,60
1,69,35,55,39,19,14,94,58,41,70
0,4,36,16,91,9,72,69,53,58,48
1,56,39,54,16,24,37,15,95,46,38
1,48,37,42,9,58,5,92,81,47,34
1,92,42,19,63,58,56,73,66,36,63
1,80,38,26,63,96,11,81,30,47,55
1,59,39,35,61,60,20,97,92,39,56
0,48,37,32,25,75,76,41,47,54,50
0,39,35,64,77,58,77,34,90,51,46
0,59,32,66,59,72,82,73,54,44,54
0,17,32,12,22,16,62,12,71,68,43
1,59,38,23,1,7,9,25,82,39,47
0,26,33,2,51,45,69,1,57,69,52
0,7,40,90,26,40,99,17,22,51,60
1,48,42,41,74,58,44,20,62,39,43
0,45,30,13,61,29,48,32,59,52,48
1,98,38,65,51,8,13,75,100,27,46
0,11,33,83,65,47,70,41,26,63,53
0,41,32,30,88,24,66,16,29,45,46
1,58,35,46,55,6,22,64,84,20,61
1,92,39,80,12,32,39,22,89,33,55
1,96,42,16,40,40,9,80,60,24,31
1,96,35,31,61,55,41,73,38,34,44
0,31,36,15,81,2,100,89,72,63,40
0,0,40,82,49,89,63,6,74,49,53
0,50,37,11,75,53,90,75,49,41,43
0,59,32,20,39,21,77,61,33,47,48
1,72,44,95,16,16,40,87,79,20,38
0,31,32,36,84,80,90,51,25,45,58
1,96,44,87,55,76,38,57,59,32,57
1,41,37,81,8,19,38,40,78,50,48
1,98,44,86,5,96,1,23,95,47,46
1,54,37,27,60,11,59,46,51,28,52
1,77,41,66,38,26,29,53,87,32,65
0,43,35,48,55,40,51,57,60,67,52
0,42,30,3,70,25,58,17,33,52,60
0,54,40,67,30,11,77,5,81,56,43
0,35,35,89,97,79,94,64,43,45,55
1,90,45,94,32,57,3,71,88,38,36
1,57,38,83,6,72,29,80,91,40,30
0,30,30,13,24,78,66,90,53,50,49
1,97,41,33,14,99,37,65,73,48,45
0,53,39,44,41,68,95,74,34,60,44
1,74,43,84,20,78,12,23,44,21,39
0,48,36,48,89,19,50,24,24,60,47
1,83,44,27,56,78,17,95,100,48,45
0,15,31,65,80,33,43,43,70,59,51
1,60,44,94,21,41,11,86,99,30,32
1,69,35,63,77,87,56,41,70,27,48
0,25,39,10,64,53,58,75,56,48,45
1,68,40,73,25,38,36,92,81,26,41
0,59,38,32,62,56,66,90,24,70,43
1,60,40,13,7,91,26,18,72,44,54
0,7,30,68,25,34,52,74,42,67,40
1,92,43,23,8,79,27,98,49,49,56
0,15,40,55,50,8,97,29,37,51,52
0,11,31,40,31,93,40,84,70,51,44
1,59,45,50,63,55,54,20,85,23,47
1,71,41,51,3,70,26,83,42,43,30
0,39,32,36,22,64,64,79,35,40,59
0,58,37,87,44,89,65,50,51,61,56
1,73,40,19,3,57,33,38,99,46,41
1,71,35,96,38,75,32,47,85,27,41
0,5,31,81,51,37,90,53,76,53,58
1,47,37,85,10,49,42,28,32,49,59
0,5,30,79,72,17,48,13,53,55,56
0,41,32,73,79,61,66,40,21,52,60
0,50,40,62,58,86,47,22,54,52,41
1,91,40,64,60,91,31,85,31,43,46
0,46,36,40,98,49,83,29,26,62,51
1,85,43,42,36,60,54,63,81,26,43
1,52,37,69,43,34,52,32,82,21,41
1,54,38,76,28,17,46,72,41,48,51
0,60,38,70,31,1,69,18,32,67,42
1,91,42,56,67,25,6,82,48,29,41
1,83,40,11,37,43,23,20,98,48,54
0,4,40,71,46,19,77,76,29,56,53
0,2,33,58,46,69,59,4,55,61,58
0,5,36,50,23,63,64,53,30,53,57
0,34,37,41,99,5,59,53,38,69,43
1,50,36,21,22,75,24,82,88,32,50
1,96,35,92,55,75,7,45,84,35,41
1,83,45,26,42,68,58,79,55,32,67
0,39,35,27,48,91,81,46,67,68,43
1,66,36,60,72,69,39,34,100,41,60
0,54,36,16,47,8,52,0,68,54,60
1,85,35,37,51,77,23,31,80,41,56
0,20,34,9,45,32,46,75,39,40,56
0,51,33,8,93,75,87,49,71,47,60
1,56,36,38,46,48,37,79,96,47,37
1,85,38,43,45,64,47,21,37,27,35
1,83,36,84,23,56,34,55,77,35,40
0,20,30,51,98,88,77,52,73,68,50
1,99,38,35,27,73,35,31,36,35,42
1,40,37,82,55,77,46,59,91,48,31
1,74,35,16,55,52,3,31,62,37,35
0,54,38,49,39,50,55,29,73,41,42
1,53,35,83,61,54,38,73,47,44,68
1,79,43,24,2,45,34,18,71,43,38
0,27,36,71,94,88,48,40,38,47,45
0,4,32,76,80,62,68,74,76,62,48
0,0,31,56,70,51,63,81,84,61,58
0,58,34,48,49,51,68,87,57,67,57
1,58,37,56,37,68,18,81,39,27,32
0,12,30,28,54,55,94,10,29,49,55
0,5,33,76,71,70,100,65,72,50,57
1,47,40,17,43,20,3,90,89,27,60
1,42,41,38,5,66,14,91,59,47,39
0,17,35,15,43,57,43,0,35,55,46
1,76,38,13,2,57,27,48,30,31,62
0,14,35,38,47,16,69,15,62,69,47
1,62,38,71,5,26,37,23,67,24,36
0,34,39,49,77,27,72,81,47,46,45
1,69,35,28,66,68,16,47,89,49,56
1,69,37,42,2,93,54,38,58,34,68
0,40,34,68,100,81,41,3,73,44,52
1,80,39,94,65,19,54,62,65,49,49
1,76,35,52,35,91,49,11,84,25,41
0,57,30,69,26,92,44,66,39,62,54
1,53,35,72,3,23,38,34,85,40,60
1,62,36,10,76,37,50,96,73,46,44
1,100,43,72,47,13,9,32,78,36,65
1,80,37,46,4,25,11,57,69,45,64
0,16,40,45,25,67,46,22,57,48,52
1,71,39,14,28,99,27,75,43,24,30
0,58,30,31,54,22,93,60,75,61,48
1,99,45,10,72,17,26,51,54,45,63
0,25,30,87,44,1,53,15,75,53,59
1,98,40,30,36,46,4,60,99,46,58
1,57,38,84,30,43,48,15,66,32,57
0,31,39,67,93,60,59,5,80,49,50
1,61,41,94,44,24,48,51,40,42,67
0,28,40,65,21,87,68,68,65,42,59
1,73,43,88,51,59,58,62,35,24,51
0,2,35,26,93,29,56,57,50,49,54
0,20,33,28,54,77,77,2,57,62,56
0,57,34,44,75,78,69,43,61,65,48
0,8,33,71,48,76,92,19,90,65,52
0,46,37,60,39,36,94,83,57,53,50
0,8,32,84,71,51,53,14,33,49,47
0,51,38,2,62,32,50,12,26,67,56
1,70,41,64,50,14,20,63,44,45,63
1,46,41,24,13,78,1,17,46,41,53
1,82,42,61,30,78,53,41,75,43,67
1,67,38,11,4,6,44,47,98,48,39
1,44,36,65,50,24,2,59,75,41,33
1,76,42,24,18,50,28,71,35,25,66
1,68,44,86,73,65,19,84,77,39,37
0,12,35,23,82,28,71,5,51,42,49
0,18,40,57,33,5,43,49,48,67,40
1,41,36,63,53,53,45,27,53,36,31
0,0,36,83,37,7,85,3,68,58,58
1,69,45,70,12,21,50,32,47,44,58
0,14,35,49,53,54,53,66,67,49,58
0,38,38,73,66,63,95,59,57,42,49
1,77,36,25,70,89,2,35,37,29,52
0,55,34,80,85,93,43,83,47,51,44
1,90,41,74,15,74,39,72,95,38,30
1,91,45,97,4,56,10,57,93,35,43
1,69,40,50,67,42,29,93,72,44,43
1,100,37,90,11,78,31,97,43,49,52
0,46,33,15,85,40,94,29,35,45,45
0,45,38,26,59,26,47,43,54,56,52
0,2,39,6,29,46,48,49,76,53,48
0,9,31,63,25,0,59,28,45,48,57
0,34,39,2,22,22,85,90,31,44,60
1,62,36,28,32,88,46,27,82,20,44
1,75,39,57,44,17,37,50,100,34,30
1,91,41,33,69,86,37,24,35,41,48
0,58,33,17,23,9,43,52,52,48,47
1,72,37,96,61,52,15,77,32,48,60
0,3,40,76,44,51,66,74,74,41,58
1,82,36,87,46,20,18,70,81,47,45
0,6,34,38,62,93,54,45,37,59,51
0,3,34,81,24,41,83,29,72,57,53
1,92,45,79,4,76,40,30,44,49,39
1,68,43,57,54,56,12,25,80,38,58
0,20,35,71,67,87,89,90,34,42,50
1,95,40,60,66,11,31,65,62,24,53
1,70,39,94,69,48,10,57,39,48,40
1,42,41,81,39,90,34,21,74,42,35
0,59,33,79,98,12,81,32,88,67,57
1,47,38,97,8,61,18,30,48,41,33
1,44,39,46,13,35,25,97,45,36,54
0,3,34,20,88,93,67,77,54,64,47
0,15,37,12,51,16,78,67,71,45,57
1,53,44,53,77,94,56,18,87,32,49
1,87,38,24,21,37,6,75,91,26,37
0,44,35,31,82,95,71,44,69,42,47
1,47,44,100,12,32,5,21,45,45,52
1,63,35,65,80,61,43,59,35,29,56
1,85,39,70,7,47,32,96,97,22,37
1,80,35,39,29,57,30,57,47,33,47
0,33,32,12,91,64,40,35,83,52,51
1,46,36,97,12,54,26,56,72,39,38
1,78,42,35,4,91,8,65,58,28,47
1,45,37,22,12,50,20,67,65,21,32
0,22,31,41,93,71,69,47,27,59,50
0,25,35,44,68,65,64,61,25,52,51
1,82,44,53,73,8,45,59,92,20,63
0,12,37,69,50,45,73,64,74,70,51
1,93,44,47,39,63,7,54,75,34,69
0,36,34,46,24,46,50,6,86,54,53
0,26,35,55,83,86,41,87,50,43,53
1,86,40,63,68,62,0,45,43,36,37
0,32,38,9,36,81,71,22,47,69,60
1,75,40,94,61,68,53,84,59,49,42
0,14,37,28,69,89,72,42,78,51,47
1,50,45,33,71,36,51,63,46,40,31
1,85,39,71,1,6,19,27,94,22,30
1,49,41,10,31,56,60,47,43,28,64
1,85,35,15,35,92,42,100,68,43,36
0,13,33,25,92,23,82,66,42,64,41
1,65,43,82,26,11,13,58,78,37,52
0,4,33,75,35,41,87,59,60,51,47
1,52,38,24,76,29,8,58,31,45,36
0,3,40,63,28,50,90,85,32,67,40
1,93,40,24,49,79,28,77,50,33,49
1,80,40,25,5,11,50,55,46,46,66
0,57,30,44,83,51,46,5,72,56,54
1,47,39,79,78,79,23,84,67,41,66
1,78,40,17,61,58,46,14,58,26,47
1,56,41,78,61,67,25,20,74,29,39
1,55,35,83,59,80,9,75,66,39,36
1,92,42,18,10,80,26,86,74,20,67
1,72,44,25,67,27,58,29,83,23,60
1,82,45,24,36,6,48,52,99,23,65
1,93,43,85,80,11,15,78,71,28,44
0,12,31,36,65,55,81,0,52,69,46
1,91,36,60,41,89,8,41,35,41,31
1,56,39,26,34,21,14,42,83,39,51
0,13,40,7,23,47,68,4,52,70,43
0,27,35,63,80,0,74,65,44,61,57
0,60,36,65,49,35,87,26,32,50,52
0,56,39,84,76,51,67,44,73,46,50
0,17,36,41,97,74,53,51,31,62,42
0,4,31,47,29,29,87,15,54,69,45
0,15,31,13,25,34,79,40,22,40,59
1,48,44,57,32,23,36,98,75,27,37
0,24,31,62,54,40,95,31,35,61,41
1,78,45,95,47,23,59,45,80,36,58
1,78,43,100,49,21,46,40,40,27,46
1,41,42,11,12,66,49,49,40,29,52
0,25,40,87,58,63,74,81,29,50,50
1,56,36,48,47,14,41,67,65,40,62
1,47,35,17,11,73,43,24,50,32,42
1,63,42,51,37,22,16,59,77,38,68
1,43,38,72,2,48,29,22,31,45,41
1,41,38,81,13,79,2,38,66,45,33
1,79,35,10,8,49,2,82,80,49,67
0,12,34,62,94,50,98,51,78,66,41
1,43,44,52,42,24,0,90,76,46,61
1,96,41,77,60,26,3,10,33,50,46
1,88,43,81,33,16,19,85,86,41,62
1,83,37,53,30,98,53,93,36,21,67
0,15,37,58,49,88,68,22,21,40,53
1,45,43,54,61,53,0,100,51,50,50
1,64,39,47,26,76,26,39,61,49,68
0,48,32,86,29,41,40,0,77,53,43
1,45,41,89,16,18,34,55,31,22,35
0,17,40,62,75,10,85,66,44,67,49
0,17,39,13,38,52,86,12,35,66,52
1,75,39,34,79,66,54,44,65,40,46
1,58,37,42,0,39,1,19,91,31,40
1,88,42,72,1,51,3,99,81,27,69
1,53,39,16,43,83,17,79,56,49,40
0,47,34,11,32,81,58,39,63,51,58
1,73,42,25,78,95,31,34,60,48,53
0,14,38,81,93,54,91,80,48,62,46
1,68,42,10,63,10,17,98,90,28,41
1,87,39,12,58,55,6,89,61,30,31
1,60,44,47,0,66,14,82,62,40,50
1,52,38,84,24,10,23,78,83,32,39
1,44,36,93,66,68,24,86,53,33,68
1,91,44,66,53,53,50,54,83,42,36
0,57,30,58,42,95,76,24,54,64,50
1,99,40,63,30,23,23,75,80,48,30
1,69,44,13,15,94,20,100,78,29,50
1,91,44,90,75,79,43,57,85,21,30
1,82,35,15,34,63,18,31,98,31,59
0,3,40,32,81,76,82,75,59,45,49
0,18,36,26,55,11,60,24,32,51,48
0,6,40,8,66,7,61,75,45,50,43
0,22,37,81,84,75,52,70,58,56,58
0,53,38,84,69,23,56,34,20,51,53
0,3,34,74,80,12,90,69,43,65,48
1,91,38,97,77,67,26,60,58,45,64
1,74,42,10,21,94,9,15,80,42,69
0,49,34,15,58,84,94,90,79,52,55
1,86,37,72,61,73,27,51,37,43,56
1,55,45,17,25,9,26,44,58,47,68
1,76,43,94,29,72,34,82,45,28,40
0,14,31,81,72,11,95,54,40,56,50
1,88,37,87,22,86,8,64,36,50,54
0,3,40,40,31,84,96,11,68,40,41
1,96,36,87,73,91,24,89,73,34,34
0,25,39,75,65,81,49,89,24,53,46
0,17,32,75,97,66,81,49,48,68,53
1,89,37,57,42,24,32,72,60,32,33
1,82,37,35,60,28,7,80,75,46,67
1,61,45,99,20,34,14,98,73,32,70
1,53,38,48,37,89,24,56,88,33,54
1,84,38,41,55,8,41,34,51,47,45
1,71,38,25,7,16,50,10,73,23,55
1,90,36,64,64,95,60,60,66,47,56
1,97,36,35,60,29,15,68,96,32,59
0,57,39,62,74,82,61,5,42,67,58
1,62,40,31,62,54,43,25,68,47,30
1,42,43,82,74,65,56,99,82,50,51
1,99,40,44,69,20,47,88,50,50,57
1,69,39,15,59,56,0,88,96,36,34
1,100,42,51,59,83,42,49,30,50,42
0,8,34,64,50,28,59,85,59,42,44
0,39,30,51,84,9,84,86,84,54,42
0,2,33,13,31,26,77,76,49,56,45
1,79,36,78,71,49,45,54,92,34,58
0,4,36,2,45,95,76,77,40,64,60
1,89,37,53,16,43,51,48,56,35,54
0,15,30,49,79,48,93,10,82,66,49
1,56,37,50,0,90,50,77,84,21,44
1,42,44,34,8,66,11,29,75,35,52
1,55,45,55,28,100,51,95,55,31,51
0,12,32,60,98,66,59,20,26,41,42
0,35,40,77,58,82,63,55,43,57,51
1,88,42,77,35,47,25,56,59,27,42
0,12,38,53,74,93,84,74,55,64,49
1,86,39,42,68,97,2,10,88,43,54
1,97,37,80,74,88,41,41,44,41,53
1,46,37,79,58,61,22,67,44,26,43
0,5,31,87,57,92,47,31,52,45,45
1,41,42,43,57,51,52,27,91,40,56
1,69,38,68,17,24,3,46,81,33,37
1,69,44,77,72,67,35,17,36,45,62
1,93,40,22,42,23,7,61,65,33,45
0,37,40,39,58,78,41,60,54,46,53
0,46,34,39,77,58,90,11,32,68,41
0,48,32,59,99,66,65,31,79,68,50
0,54,30,49,22,35,76,65,30,48,56
0,55,39,69,72,83,90,90,82,62,50
1,82,44,13,56,76,58,88,93,38,39
0,46,39,67,82,40,44,67,73,45,58
1,76,41,57,75,47,58,14,91,22,45
0,14,33,63,68,1,68,49,57,51,45
0,52,33,56,20,13,70,86,26,52,51
0,33,33,43,76,38,80,52,89,61,44
0,11,35,78,67,87,76,79,26,50,60
0,13,32,86,81,14,86,89,86,47,46
0,26,31,29,30,13,95,64,77,50,45
0,60,34,24,58,15,97,57,58,43,52
1,42,39,24,5,80,15,96,30,22,36
1,81,43,50,39,73,5,66,49,23,31
0,22,31,64,72,22,72,19,33,62,45
1,47,42,40,6,94,4,13,30,24,61
0,57,39,30,38,9,67,48,87,42,49
1,60,45,50,43,24,5,90,40,37,64
0,53,37,37,96,72,64,4,77,46,43
1,70,39,96,13,57,36,65,80,45,69
0,30,39,83,42,2,77,83,74,59,56
0,49,37,83,65,85,68,66,40,68,58
0,50,36,90,99,10,57,76,36,48,51
1,61,39,85,23,87,1,76,67,33,45
0,5,35,17,46,26,59,80,57,67,49
1,84,40,33,37,6,58,55,66,35,63
0,41,33,26,23,73,44,86,32,54,49
0,47,34,85,58,73,99,73,61,50,56
0,21,36,37,50,42,61,64,78,63,48
0,37,36,30,66,20,86,63,53,40,59
1,50,44,100,55,45,45,97,73,46,61
0,3,39,31,90,84,67,10,78,48,56
0,2,40,79,42,46,94,42,64,46,47
0,25,32,89,51,39,65,18,59,41,56
0,30,32,29,40,39,51,15,70,54,44
1,95,42,22,17,93,43,46,59,30,55
1,48,42,43,75,46,3,35,86,39,70
1,87,42,34,4,79,45,54,90,35,34
0,11,35,75,95,71,80,88,70,51,42
1,76,39,24,65,8,46,16,92,49,57
1,58,41,87,74,34,38,57,52,20,62
1,83,43,61,59,98,38,38,38,24,30
1,49,40,30,72,75,8,94,59,24,62
0,19,30,0,56,51,83,50,51,45,60
1,87,36,72,18,53,58,27,66,27,60
0,7,36,15,53,77,74,54,52,69,54
0,39,31,37,92,63,83,18,33,58,59
1,84,41,39,62,37,36,33,35,32,41
0,55,35,53,40,60,77,49,75,46,55
1,83,45,38,49,44,7,91,58,33,54
1,89,44,99,3,79,0,98,57,49,34
1,41,41,73,19,87,43,26,58,37,70
0,58,32,1,24,14,65,73,59,69,51
0,28,36,74,65,66,66,54,67,68,56
0,57,38,54,33,34,73,69,74,46,49
1,59,43,57,52,70,11,95,50,44,42
1,96,36,59,45,34,34,99,73,31,45
1,45,45,100,16,12,6,88,66,37,63
0,28,40,85,61,89,57,23,31,45,52
0,12,40,12,36,56,55,33,42,41,52
1,61,39,52,77,9,29,27,51,24,50
1,74,42,44,51,45,12,19,55,38,35
0,20,36,8,21,61,71,42,33,56,49
0,26,33,72,45,13,83,78,68,70,60
1,68,37,67,12,71,43,98,65,22,57
0,48,39,77,26,51,92,39,80,56,41
0,9,38,37,32,36,51,34,89,58,42
1,93,37,64,65,49,32,98,89,37,55
1,44,35,23,24,98,49,37,89,37,47
1,57,40,85,30,81,39,82,31,48,31
0,16,30,84,34,57,92,89,29,60,53
0,0,35,82,33,50,71,48,22,48,58
0,1,36,11,74,26,78,37,90,40,47
0,52,39,87,81,37,71,32,60,66,49
0,13,37,74,87,47,60,47,20,65,47
1,78,45,39,20,21,41,86,73,30,59
0,47,39,76,24,78,89,52,49,43,56
0,7,36,73,41,0,73,82,58,41,58
1,59,44,24,80,9,1,14,79,34,58
1,55,40,52,14,66,39,44,57,30,37
0,7,35,80,68,15,43,80,85,62,41
1,100,38,86,55,67,58,96,79,42,36
0,55,36,30,37,49,70,60,85,70,40
1,45,41,96,43,32,3,55,76,45,38
1,40,37,38,17,67,29,68,86,26,57
1,49,44,66,46,7,10,13,59,48,34
1,64,37,49,56,29,54,33,45,48,63
1,99,42,29,15,77,6,76,50,33,38
0,16,40,25,80,51,93,77,80,67,44
0,9,37,30,79,94,75,87,58,52,48
1,98,43,86,50,77,12,49,72,38,68
0,8,35,22,83,18,88,88,31,49,60
1,61,41,13,40,75,6,28,43,25,69
1,87,42,88,3,22,34,31,43,29,54
0,26,35,7,48,9,60,74,81,51,55
0,56,35,81,44,95,85,14,54,46,50
1,69,36,34,26,72,21,31,69,49,46
0,1,30,13,85,90,93,88,69,50,57
0,35,34,70,77,10,75,65,72,44,51
0,25,38,62,81,77,79,30,31,40,51
0,18,30,90,60,57,53,53,72,62,45
1,78,41,31,77,54,3,12,38,50,38
1,87,45,43,40,73,15,88,45,37,47
0,41,35,53,56,19,61,72,79,46,58
1,53,35,91,74,31,17,85,77,47,65
1,68,38,17,60,25,24,69,87,46,63
0,55,31,34,80,49,89,33,85,45,50
0,48,32,45,45,90,48,1,62,41,53
1,74,42,68,52,82,58,74,86,31,64
0,30,30,38,89,17,66,44,90,56,52
0,44,33,50,51,34,84,54,22,66,55
1,66,44,53,7,22,10,52,93,38,37
1,72,45,100,75,73,7,42,54,23,58
0,58,33,75,80,52,83,2,30,53,58
0,40,40,18,65,39,94,51,83,57,59
1,97,45,83,58,21,32,35,71,23,60
1,88,37,66,17,47,36,28,68,36,66
0,4,38,76,85,9,40,9,57,48,51
1,86,40,90,46,74,57,81,74,36,32
0,27,34,11,61,25,92,22,64,45,45
1,87,39,93,48,65,30,43,66,22,38
0,27,40,8,24,50,95,29,49,53,41
1,99,41,30,51,15,21,74,76,37,63
1,88,43,73,17,96,21,99,67,32,31
1,67,44,42,15,88,57,12,65,38,69
1,76,38,25,38,91,46,87,41,43,68
0,48,33,2,79,56,70,71,53,63,54
1,87,39,75,42,35,58,73,64,26,70
1,62,40,17,16,25,6,78,85,22,40
1,49,36,52,76,62,7,100,31,26,44
1,71,43,33,2,8,17,15,68,31,56
1,99,41,74,63,21,13,24,95,36,66
0,55,30,4,22,90,85,10,59,70,48
1,91,42,71,53,86,20,49,59,44,31
0,56,34,1,29,54,91,55,34,46,57
0,7,39,36,91,78,59,10,72,51,53
0,31,36,10,64,42,82,70,53,48,52
1,40,43,92,14,74,35,63,56,35,59
0,55,36,81,39,57,86,4,67,62,55
1,63,40,36,57,35,56,79,42,23,60
0,35,34,54,95,86,53,82,89,62,44
1,90,42,13,1,24,0,38,36,20,31
0,0,33,27,77,58,46,1,68,67,42
1,47,37,90,42,33,43,79,53,37,56
1,50,36,67,4,9,42,24,92,25,35
0,59,30,83,38,24,64,80,40,49,55
1,68,44,92,53,71,60,75,34,32,38
1,73,39,41,59,7,38,24,80,31,33
1,92,38,41,51,82,2,42,95,23,31
1,42,35,17,45,14,27,34,67,36,39
0,34,38,10,20,22,79,26,45,63,58
1,56,36,79,1,16,10,79,67,36,58
0,0,30,34,97,42,40,11,30,61,54
1,97,38,45,21,38,50,60,91,34,42
0,29,30,53,97,83,58,33,90,66,56
1,91,37,85,42,7,41,80,41,45,68
0,7,33,29,50,91,82,49,43,60,49
1,72,35,30,4,11,44,61,97,37,32
1,90,36,98,43,68,32,35,70,25,38
1,44,44,87,7,87,11,51,65,25,55
1,86,43,58,43,5,35,98,66,33,44
1,63,39,18,10,83,39,75,53,29,33
0,7,36,23,54,1,52,79,39,46,59
1,40,42,21,72,66,32,74,33,20,49
0,4,34,38,94,62,80,66,41,43,44
0,54,37,30,50,45,69,54,31,59,42
1,63,41,80,11,55,38,74,79,38,55
0,25,35,80,32,0,44,9,76,65,52
0,2,32,2,54,53,43,4,67,67,45
1,93,40,87,44,74,9,52,31,45,42
1,73,41,68,2,91,38,15,73,23,34
0,37,30,44,42,61,52,79,33,46,47
1,59,41,65,77,66,35,93,36,39,40
0,44,39,45,99,13,58,12,79,51,55
1,73,38,45,26,39,52,94,57,33,46
0,47,35,15,50,95,43,23,52,48,45
1,49,43,26,76,63,54,55,85,39,31
0,17,37,9,36,57,45,42,74,46,49
0,36,32,47,49,50,99,4,40,41,59
1,84,38,29,22,99,56,36,53,45,46
1,43,42,27,29,21,6,80,77,34,37
1,76,36,83,51,17,50,50,73,45,35
1,66,40,16,62,78,0,42,39,42,49
1,73,37,47,53,98,39,71,57,30,32
1,49,42,26,24,20,13,18,71,36,34
0,8,31,40,71,0,69,40,71,62,48
0,35,30,87,81,25,70,10,34,42,55
0,11,39,0,31,73,53,37,84,52,52
0,45,30,31,95,36,67,10,54,69,48
0,7,37,10,83,87,48,84,53,42,54
0,59,35,12,37,48,81,37,49,59,56
0,4,40,25,75,91,55,85,54,70,44
0,40,33,47,60,48,76,31,52,43,56
1,88,35,34,14,81,37,83,39,33,47
0,5,38,62,39,93,95,11,53,47,48
0,19,40,9,63,10,55,85,42,60,51
0,22,37,60,32,65,56,5,73,65,50
1,49,37,70,5,84,58,37,97,30,68
0,42,34,57,22,37,57,73,90,46,45
1,50,43,68,27,68,9,97,57,23,39
0,46,39,41,85,70,41,87,54,69,51
1,80,41,40,79,73,11,100,80,46,48
0,10,38,18,83,47,77,49,71,40,57
1,58,37,13,56,73,1,52,50,37,38
0,21,39,23,28,64,89,37,36,54,49
0,24,34,79,96,21,40,65,55,57,52
0,40,36,58,95,60,81,58,44,51,50
0,14,33,83,58,63,70,24,30,61,45
0,38,33,46,42,84,68,56,60,61,40
1,79,41,85,73,69,11,65,31,27,34
1,59,36,45,55,93,2,60,79,23,30
1,48,41,10,55,16,23,67,60,48,49
0,20,37,39,75,6,96,62,53,68,42
0,6,30,20,21,47,65,53,43,47,58
0,19,33,74,75,34,59,11,76,53,58
1,98,42,68,4,20,8,22,53,26,45
0,57,34,38,59,25,73,59,83,53,53
1,58,42,93,25,37,28,31,61,27,60
0,29,39,43,54,50,48,46,44,41,44
1,88,39,77,3,54,17,17,46,27,44
1,42,41,67,40,43,10,84,40,27,65
1,80,36,90,37,79,31,35,53,40,31
1,67,43,35,70,18,26,99,31,30,53
0,0,33,37,55,88,63,41,20,41,40
1,83,43,99,6,78,28,33,59,36,54
1,91,39,96,16,41,29,69,94,50,41
0,53,30,38,35,24,95,60,76,65,40
1,70,38,69,38,93,52,63,60,44,50
1,47,36,21,2,74,6,76,53,43,34
1,83,35,37,26,39,8,94,55,43,55
1,79,38,30,71,34,60,63,76,28,59
0,40,30,90,92,83,86,7,50,51,41
1,53,42,84,51,22,29,16,54,50,64
1,75,41,55,19,19,28,48,43,24,52
1,47,41,18,71,85,0,97,43,50,67
1,52,37,58,29,29,46,35,53,31,31
1,71,41,29,5,95,59,65,56,42,53
1,90,36,11,60,60,25,51,48,25,53
1,46,45,41,75,49,15,93,54,34,33
1,61,45,73,39,31,4,14,46,22,41
1,72,40,37,75,22,58,61,87,30,49
0,19,30,31,29,24,67,40,84,58,49
0,1,40,74,71,52,45,13,64,60,48
1,82,45,14,12,48,48,28,47,38,63
1,84,39,34,13,5,0,75,83,44,62
0,46,38,65,25,87,89,18,60,67,53
0,46,31,71,50,93,93,56,64,53,54
0,5,30,48,68,58,43,51,21,49,44
1,66,42,96,68,8,47,70,35,29,49
1,79,39,20,77,36,15,36,76,20,44
1,99,37,38,3,14,2,24,66,42,63
0,12,34,31,94,40,100,6,71,69,52
1,73,41,97,18,42,33,77,37,46,52
1,66,43,59,66,44,51,100,48,36,65
0,5,31,14,47,24,56,67,27,56,43
0,58,32,83,20,45,41,10,62,70,46
1,63,41,22,23,35,19,84,76,30,47
0,29,31,48,83,66,86,33,61,70,44
1,58,41,43,4,56,56,27,66,22,53
1,40,44,74,25,10,34,85,76,42,63
0,53,34,24,41,50,52,49,80,45,54
1,64,39,26,26,25,8,88,43,37,58
1,51,38,70,65,66,44,52,71,34,56
0,45,34,31,73,52,53,70,49,64,56
1,44,37,38,73,65,18,58,64,28,56
1,60,43,41,2,6,32,33,71,21,66
1,96,45,32,71,66,34,39,65,39,51
0,39,38,14,67,95,82,15,61,41,55
0,20,34,28,89,49,53,29,23,58,53
1,59,35,53,8,66,0,68,82,35,62
0,11,31,6,74,92,62,67,27,58,58
1,78,35,49,19,19,8,27,74,36,54
0,28,36,83,49,79,66,31,64,68,55
0,38,37,52,68,82,48,58,62,48,52
0,7,39,39,23,59,55,26,58,57,49
1,50,42,15,36,98,11,56,98,21,39
0,16,40,19,21,22,84,80,66,57,47
0,21,39,83,55,77,100,15,83,65,59
1,85,37,53,39,16,4,56,31,30,30
0,38,31,33,83,28,81,68,60,61,40
0,60,32,65,100,81,46,19,65,45,42
1,83,38,65,71,12,59,98,97,31,67
1,59,35,92,42,95,9,39,91,20,63
0,40,36,22,32,4,89,47,62,48,58
1,76,35,38,8,90,52,63,46,36,52
1,47,44,99,28,7,17,22,53,45,53
1,52,45,16,62,14,55,13,63,41,43
0,16,37,4,36,64,75,31,54,57,51
1,44,37,66,37,48,46,92,67,20,53
0,47,35,50,48,59,69,48,35,45,42
1,96,45,95,29,51,32,10,78,42,52
0,37,40,19,68,65,41,74,71,48,54
1,99,45,57,71,36,26,56,98,35,67
0,4,36,7,20,35,94,58,63,44,42
0,39,40,28,59,44,76,61,53,41,50
1,41,36,47,72,27,41,63,43,43,66
0,1,31,90,96,39,72,7,78,40,58
1,74,38,94,38,12,34,45,88,33,42
0,34,33,81,74,85,48,89,69,67,42
0,2,38,4,58,5,42,63,40,59,47
1,64,35,94,78,16,20,94,76,28,36
1,67,39,25,57,54,58,20,82,50,51
0,21,38,86,68,60,40,12,78,58,45
1,58,35,58,24,14,60,70,91,36,30
0,41,32,49,100,67,48,71,56,58,54
1,97,39,20,55,30,24,57,38,27,65
0,8,32,42,79,17,86,50,81,44,43
0,47,39,10,36,34,71,8,29,57,56
0,48,30,43,82,17,79,32,21,58,45
1,54,39,60,58,40,48,39,51,30,41
0,42,36,75,23,91,58,41,32,50,48
0,8,40,61,87,51,81,65,74,58,42
0,7,36,70,38,72,63,36,67,42,40
1,71,39,64,4,44,32,92,32,43,54
0,27,38,49,94,58,62,40,77,41,51
0,51,37,76,24,78,56,12,88,48,40
1,71,41,68,2,54,36,94,53,38,46
0,44,31,54,50,36,62,58,90,64,46
0,23,38,40,86,32,92,36,69,66,48
0,44,38,11,87,86,58,79,62,59,50
0,2,34,87,21,20,91,76,49,69,56
1,72,35,64,75,34,26,25,42,24,37
0,23,40,70,63,17,55,86,61,40,54
1,87,38,24,13,49,14,11,78,34,39
0,26,31,88,47,58,59,13,78,64,59
0,26,35,82,65,16,72,66,88,66,50
1,70,41,78,11,41,4,47,86,30,33
0,0,34,23,39,37,81,2,85,41,43
1,96,37,22,76,97,35,61,62,47,67
1,55,39,99,71,35,1,33,37,43,54
1,72,37,56,58,44,54,54,49,32,39
1,81,42,71,5,43,20,35,57,48,46
0,49,35,46,24,69,100,39,85,43,59
1,83,43,91,54,17,60,54,35,33,52
1,58,44,14,46,24,25,43,66,50,58
1,42,43,24,75,22,26,20,62,34,67
0,7,37,41,100,21,45,1,51,54,59
1,98,41,32,65,51,31,17,74,44,62
1,71,45,41,6,60,54,96,91,22,37
1,59,37,31,0,82,43,32,98,22,43
1,84,39,76,77,53,30,83,99,29,52
1,58,37,55,33,60,57,63,50,33,35
1,70,35,99,24,31,22,88,80,46,32
1,66,42,77,59,63,33,100,37,46,68
0,5,40,65,26,13,97,64,30,58,47
1,78,38,46,39,9,46,40,77,22,59
1,50,40,14,37,44,20,94,76,46,39
0,27,35,30,91,59,93,56,32,62,43
1,77,40,35,77,99,37,20,30,32,30
0,43,31,76,48,4,53,16,72,45,53
0,6,31,19,40,84,48,0,53,52,48
0,32,32,45,28,11,79,57,61,50,53
1,59,41,54,21,68,59,40,64,29,40
0,34,39,4,59,33,85,20,65,45,51
0,39,38,7,99,13,52,65,29,48,49
1,62,35,63,48,57,38,77,78,20,55
1,88,36,55,40,84,58,54,48,28,57
0,43,34,52,77,8,58,86,39,65,53
0,21,32,71,63,92,78,88,50,61,51
0,19,39,49,47,95,69,81,39,42,60
1,58,40,87,67,97,54,95,52,40,62
0,52,36,48,33,11,63,27,36,58,55
0,4,39,37,67,95,94,69,28,43,45
0,10,35,10,84,2,57,16,68,53,49
0,56,39,76,95,34,59,55,44,60,58
0,39,34,62,48,49,41,79,89,43,47
1,50,39,26,45,20,28,48,40,26,49
0,18,37,1,65,75,99,31,66,68,53
1,70,43,81,19,67,46,82,87,42,64
1,44,40,71,42,23,38,83,59,46,33
0,39,34,0,39,94,40,55,87,54,59
0,8,40,17,61,10,100,69,81,41,40
1,71,42,84,42,43,30,71,61,46,61
1,98,45,29,62,14,39,65,90,47,39
1,66,38,56,58,38,32,74,53,39,66
1,56,43,72,53,21,43,77,67,30,35
0,7,33,24,48,24,44,22,60,66,58
1,43,40,84,73,77,21,50,35,36,52
0,6,38,77,54,57,40,82,21,60,44
1,47,38,95,0,33,32,62,87,31,51
1,53,40,41,31,63,51,62,94,32,55
1,96,35,37,56,42,16,80,83,37,36
0,51,31,49,20,80,86,39,29,44,40
1,97,35,12,22,15,46,93,93,50,49
0,20,35,27,25,3,73,8,64,56,56
1,80,40,32,51,82,23,28,32,30,37
1,73,36,75,14,44,10,17,55,49,39
0,28,39,15,77,74,88,67,60,49,51
0,30,30,9,92,44,94,9,63,57,43
1,50,42,84,63,7,24,73,63,29,35
1,92,37,84,69,80,53,100,49,42,39
0,27,38,88,42,93,52,65,70,53,56
0,34,31,34,81,54,91,63,62,69,40
1,70,45,50,69,69,32,22,93,26,59
1,56,37,61,25,61,53,32,71,22,49
0,60,38,78,55,53,87,60,49,41,46
1,97,40,23,6,72,33,14,78,45,38
0,44,36,6,51,23,83,9,39,46,60
1,93,42,21,68,26,31,62,63,34,49
0,43,32,42,91,8,90,27,72,61,41
0,56,38,48,26,64,99,90,34,67,46
1,54,43,15,68,66,9,11,57,26,35
0,43,36,1,90,75,73,86,67,51,59
1,67,43,100,24,25,2,94,44,22,34
1,71,40,91,33,54,31,86,36,21,33
0,34,32,56,60,75,69,11,49,57,49
1,62,45,77,13,98,10,20,38,43,70
0,39,31,73,55,57,85,3,29,70,57
0,29,37,76,44,50,76,18,73,66,50
1,98,39,18,6,61,31,97,100,34,41
0,4,38,0,71,17,86,43,21,58,42
0,21,39,63,46,87,90,88,77,50,49
1,58,41,58,24,79,15,64,61,20,68
1,85,44,43,52,35,18,39,93,25,53
1,58,38,76,11,61,41,88,48,37,60
1,51,42,85,52,86,45,46,98,45,39
1,89,40,45,10,62,26,39,30,23,46
1,65,36,71,10,59,6,96,77,31,45
1,73,35,36,65,32,59,24,79,26,62
0,22,30,11,80,12,94,0,26,60,48
1,93,43,71,37,91,39,72,73,30,58
0,30,35,27,24,49,78,55,60,60,58
0,10,31,7,99,45,61,5,75,65,56
0,34,37,56,46,57,79,31,34,58,53
1,74,42,32,26,48,48,45,35,35,53
1,87,45,24,75,44,39,58,56,21,45
0,44,34,72,59,3,53,24,21,61,54
1,61,43,64,39,35,34,45,66,40,64
0,28,33,61,82,18,69,7,70,66,44
0,1,39,31,53,88,40,9,67,56,43
1,55,41,71,8,59,20,90,73,48,35
1,77,43,86,61,11,15,36,34,26,65
0,18,32,19,46,76,54,40,23,69,47
1,42,37,100,27,54,6,48,99,35,35
0,15,39,52,65,94,65,31,61,42,47
1,82,39,90,54,76,0,40,33,36,64
0,22,40,44,100,90,75,84,74,53,58
1,75,40,38,57,31,42,19,70,26,55
0,1,37,82,70,2,68,16,47,56,58
1,87,38,28,78,64,18,40,48,24,58
1,72,35,92,77,36,33,44,95,28,59
0,43,40,66,25,66,69,86,27,52,40
1,67,37,46,41,5,33,89,56,42,65
1,48,39,59,33,74,52,55,52,34,52
0,34,40,47,29,2,93,6,50,69,47
1,100,42,29,80,54,17,39,36,24,51
0,47,38,10,51,36,41,67,84,49,54
0,19,30,10,75,83,48,64,40,59,45
1,44,36,23,10,42,6,93,45,38,45
0,14,31,29,93,64,90,71,52,41,48
1,77,42,16,58,54,34,38,87,35,57
0,38,38,63,92,58,42,60,34,64,49
1,46,36,47,34,48,50,72,71,35,46
1,67,38,76,16,95,36,40,96,33,52
0,27,39,25,57,16,87,37,30,41,50
1,52,42,70,69,64,53,33,81,23,59
0,11,36,90,24,51,82,52,45,53,42
1,59,44,86,56,10,9,26,78,50,69
0,19,38,77,43,95,62,76,46,42,57
0,8,37,0,42,60,40,24,60,67,54
1,93,35,71,4,28,36,23,59,32,34
0,21,32,20,20,23,81,47,56,53,42
0,6,33,59,57,15,66,56,48,65,55
0,3,37,66,67,83,44,17,43,50,58
1,84,45,61,80,45,37,64,52,32,50
1,52,45,83,61,80,49,84,46,32,42
1,54,44,24,42,9,2,64,78,40,31
1,61,42,42,16,36,1,48,96,34,48
1,80,44,67,12,5,33,91,92,29,70
1,64,40,20,55,22,11,49,82,40,56
1,74,38,91,44,46,58,65,31,29,60
0,31,38,81,93,89,60,89,37,46,46
1,80,40,83,34,95,6,81,97,22,35
0,23,39,8,92,49,43,67,90,58,56
1,93,39,50,59,59,5,21,95,40,30
1,40,42,71,20,85,41,100,96,35,52
1,84,35,93,66,16,48,57,88,36,53
0,51,35,84,100,89,81,17,37,65,55
0,23,31,11,79,6,44,2,27,53,58
0,34,33,61,23,93,53,39,49,55,55
0,16,30,39,29,26,88,62,30,63,45
1,80,43,43,10,64,34,75,46,34,56
1,81,37,26,35,76,1,74,40,49,55
0,16,33,53,97,71,45,67,80,58,49
0,53,35,0,72,76,42,40,24,68,57
1,75,35,23,9,84,12,21,64,22,69
0,11,31,28,61,2,56,46,59,43,59
0,14,35,67,48,57,57,87,67,58,40
0,30,39,32,67,26,48,47,22,61,40
0,60,38,17,83,9,40,43,86,58,57
1,68,38,66,67,39,7,96,67,48,35
1,71,42,53,76,54,0,70,43,45,56
0,40,36,6,89,68,45,38,86,53,46
1,61,38,99,27,69,44,48,72,37,39
0,55,30,67,73,68,48,33,78,70,55
1,60,45,21,40,20,2,51,69,50,65
1,54,43,93,2,68,7,73,97,50,33
1,77,42,42,32,93,22,19,54,21,38
0,32,33,61,91,52,68,52,77,44,44
1,88,43,91,12,5,27,21,89,47,46
0,43,37,56,51,74,80,76,56,60,50
1,67,36,52,4,96,43,33,72,44,49
0,24,36,37,32,71,84,61,51,50,49
0,18,37,12,74,88,50,17,25,41,48
0,9,37,23,34,13,97,25,80,59,60
0,58,35,51,37,63,86,77,55,44,48
0,23,33,57,69,8,63,27,71,51,49
0,52,39,11,66,41,41,28,27,67,40
1,98,42,56,80,65,3,65,62,46,32
1,47,36,86,35,72,40,68,35,20,42
1,66,36,50,69,56,44,80,88,24,49
1,58,45,59,42,31,47,11,81,31,65
1,55,40,31,67,90,4,75,91,45,53
1,68,36,12,0,40,14,22,81,20,58
0,24,39,1,68,11,85,36,55,46,58
1,57,36,25,30,26,19,95,31,45,59
0,43,36,67,31,86,47,18,60,58,50
0,58,35,34,66,58,82,9,59,41,44
1,75,40,71,67,24,44,39,82,46,48
1,53,37,12,47,52,29,28,69,38,37
1,54,37,16,41,58,21,88,90,43,57
0,3,31,12,79,15,83,69,87,48,53
0,30,36,39,81,15,69,26,51,59,56
0,53,35,72,64,58,98,68,83,59,60
1,53,42,73,27,98,38,56,95,47,39
1,44,35,81,10,39,30,96,50,29,65
0,33,32,55,95,50,73,58,33,61,53
0,38,37,90,99,33,97,75,21,67,41
0,41,32,88,78,77,77,7,24,65,60
1,44,43,65,75,27,53,46,32,48,47
0,35,36,21,27,78,62,88,36,53,41
0,23,38,74,91,42,83,40,59,55,46
0,57,37,60,81,51,82,50,30,60,40
0,38,40,8,94,62,61,83,44,49,47
0,11,39,72,54,60,71,26,31,56,60
1,50,35,23,66,72,13,32,82,42,45
0,48,31,21,75,78,82,35,69,45,44
1,74,36,95,63,78,55,67,87,41,30
0,45,30,28,71,53,65,26,89,42,42
0,47,38,9,48,18,63,62,40,51,52
1,60,36,84,18,5,32,83,80,45,35
0,4,40,6,94,83,86,46,66,66,41
1,94,41,82,56,99,10,47,57,44,30
0,47,32,52,98,35,79,75,39,52,40
1,67,42,49,46,26,46,47,54,41,48
0,17,33,60,77,64,68,39,81,44,45
0,58,31,13,87,59,56,45,51,49,44
0,0,33,20,87,14,55,79,67,60,50
1,72,43,60,47,29,21,35,58,40,48
0,41,31,55,43,93,97,48,46,52,46
1,49,39,28,25,37,36,28,32,50,57
0,22,39,54,50,54,87,84,79,68,52
0,0,33,60,61,36,45,56,26,53,47
0,55,40,13,95,32,63,19,76,70,59
0,49,30,65,33,53,92,39,70,68,56
0,29,35,46,57,25,58,11,49,49,52
0,50,36,43,58,53,100,64,78,44,57
0,1,39,56,76,65,82,24,26,48,55
1,63,43,83,66,90,18,35,72,42,49
1,70,44,46,75,22,32,57,56,50,57
0,29,38,8,95,94,89,5,22,70,48
0,48,35,30,44,38,81,62,71,67,60
1,100,43,18,31,50,50,65,35,38,65
0,8,39,35,82,72,80,11,62,47,48
1,98,37,81,41,83,41,87,71,46,63
1,48,35,65,69,24,25,29,92,42,68
0,49,35,58,40,44,45,41,85,60,42
0,23,40,34,91,42,91,43,84,65,44
1,84,35,94,57,15,0,71,42,26,35
1,53,42,25,37,91,60,46,73,38,46
1,100,43,23,62,27,48,14,87,46,33
0,11,30,31,79,40,77,0,33,61,41
1,93,38,77,59,72,46,40,75,42,42
0,49,40,86,67,84,91,63,22,63,51
0,40,37,38,89,1,40,8,64,66,56
1,92,44,29,69,10,21,37,69,41,59
0,39,32,75,87,45,46,63,90,58,41
1,90,36,66,71,30,53,67,83,22,60
1,65,44,77,71,96,20,78,98,29,43
0,42,32,38,48,37,73,58,32,61,44
1,83,43,10,46,15,34,30,56,20,51
0,13,40,14,63,52,92,88,68,47,54
0,33,35,83,90,0,60,60,24,69,54
1,67,36,40,38,60,47,58,38,23,42
0,23,39,12,34,13,54,24,67,49,55
0,26,30,68,21,45,69,28,46,47,54
0,2,39,23,90,10,58,64,73,51,54
1,69,44,45,32,96,51,38,72,39,50
0,29,37,9,100,49,77,34,40,50,48
1,43,39,61,42,86,25,94,50,21,40
0,2,33,18,95,16,43,24,28,47,46
1,76,35,44,54,21,1,43,75,45,61
0,54,35,9,34,41,60,16,87,63,51
1,42,44,20,74,92,30,59,62,36,37
0,52,40,84,75,47,81,81,65,65,40
1,73,40,58,49,34,39,67,85,31,64
1,49,43,27,1,70,50,88,41,47,40
1,95,40,31,42,43,43,65,50,40,43
1,48,36,35,8,79,7,19,86,21,34
0,38,30,89,77,18,94,70,33,64,56
1,84,40,19,44,47,42,43,54,40,45
0,43,38,8,38,37,43,57,37,58,60
0,31,35,17,36,62,93,13,85,70,42
1,56,36,10,66,40,18,21,100,37,33
1,94,38,85,24,66,60,64,50,28,49
0,51,40,11,57,26,45,66,66,44,48
0,5,33,3,28,70,70,60,35,45,42
1,53,39,12,80,99,33,31,50,31,57
1,47,44,91,57,14,0,86,63,33,54
0,43,36,19,49,8,47,15,28,70,45
1,93,38,47,80,71,10,41,90,49,44
1,85,39,27,43,70,25,14,32,39,51
0,8,31,75,57,89,67,63,40,66,52
0,2,31,81,50,21,67,3,55,56,58
1,77,36,65,42,20,4,73,42,47,39
1,53,42,43,70,89,3,51,51,40,30
1,78,35,96,8,46,50,18,68,47,61
0,26,32,41,77,26,84,19,83,47,51
0,4,31,58,71,80,51,3,53,57,51
1,78,45,78,45,10,40,62,72,20,61
1,42,40,72,51,60,59,13,34,29,49
1,99,36,97,6,87,26,11,61,32,70
0,48,36,3,36,30,43,27,20,43,40
1,73,44,23,25,81,18,56,67,28,66
1,44,36,64,20,59,2,33,58,44,40
1,93,45,26,5,78,23,74,47,41,31
1,63,37,64,29,94,38,26,65,40,34
1,57,36,33,78,49,25,32,45,22,39
0,49,36,61,23,94,91,34,78,51,58
0,60,35,69,74,54,53,37,43,55,60
0,32,39,9,70,76,97,62,39,45,58
1,95,36,51,61,61,11,37,70,27,45
1,44,35,53,56,59,33,42,47,45,69
0,26,31,68,48,42,66,6,75,56,43
0,20,31,78,99,82,44,23,47,54,53
1,47,40,30,48,47,20,41,84,20,33
0,27,36,76,92,76,61,64,70,46,43
1,75,45,78,62,5,31,98,90,28,31
1,88,36,90,67,52,30,11,73,32,44
0,39,39,59,95,35,93,65,45,59,47
0,36,32,58,22,70,86,34,36,68,41
0,38,38,48,72,10,49,5,20,43,49
0,47,33,79,41,0,70,73,76,59,49
1,66,45,41,28,8,4,22,40,41,37
0,5,36,0,25,28,50,21,43,42,55
0,38,31,83,89,34,41,53,88,46,41
0,60,32,39,42,28,40,23,35,56,40
1,58,40,60,31,10,6,70,80,33,38
1,96,44,37,27,48,8,87,52,38,50
0,27,38,0,72,75,93,61,85,66,47
0,49,40,32,24,0,97,47,67,56,50
0,0,40,89,51,36,65,20,49,52,53
1,61,43,25,53,44,53,17,77,20,33
1,55,37,35,51,79,30,26,50,38,49
1,75,43,69,6,18,25,18,67,36,30
0,9,34,3,96,25,53,53,27,68,55
1,89,44,81,50,52,49,15,53,27,43
1,69,36,73,1,82,57,12,36,38,62
0,56,31,39,91,82,95,47,72,44,45
1,78,42,15,50,78,3,80,63,22,65
1,80,43,73,57,77,4,55,51,46,51
1,88,35,54,21,77,27,50,97,43,37
0,4,35,80,54,21,69,34,39,57,57
1,67,38,93,45,62,7,47,41,32,36
1,50,35,45,15,74,54,40,82,29,39
0,28,40,47,68,25,44,15,63,69,54
1,81,36,30,57,30,28,94,56,45,68
0,26,35,77,75,3,100,75,42,44,53
0,57,38,70,96,22,60,44,27,42,59
1,82,35,31,72,73,11,37,41,22,49
0,55,30,47,24,20,69,29,52,51,47
1,42,40,46,57,68,60,63,37,49,35
0,44,35,26,76,57,97,77,46,52,60
0,36,33,31,91,50,95,63,48,59,53
0,57,33,78,71,8,48,11,78,42,58
0,46,34,54,85,48,51,11,22,62,60
0,41,35,57,30,95,55,26,28,42,41
1,43,35,98,42,70,25,91,97,45,55
1,92,38,92,2,15,7,77,85,48,62
1,90,42,65,5,78,12,32,66,47,58
1,55,45,29,79,41,46,72,70,28,49
0,41,36,47,62,9,88,42,56,67,44
0,47,40,30,69,17,96,7,90,54,60
1,47,44,22,22,70,25,20,91,50,63
1,44,35,22,66,76,25,45,56,28,44
0,46,37,48,23,11,62,30,79,58,57
1,81,42,30,63,34,19,66,95,44,61
1,80,41,27,71,26,2,84,47,26,65
1,78,43,26,57,65,38,46,55,44,52
0,23,38,76,94,81,70,6,55,60,42
0,17,32,35,27,26,46,38,47,58,51
1,53,40,15,26,59,29,12,59,34,63
1,52,41,17,22,54,7,52,97,26,52
0,57,30,20,76,52,75,55,72,60,56
0,26,35,40,38,61,92,22,24,62,53
1,84,37,60,16,64,53,98,38,44,70
0,31,34,39,72,28,50,82,78,44,56
1,83,43,96,15,40,3,30,89,28,35
1,96,42,30,33,60,58,18,40,25,47
0,20,30,86,80,88,93,38,82,67,59
1,88,39,68,0,79,17,100,70,38,37
0,9,38,12,52,60,74,48,63,70,40
0,3,35,8,27,54,77,67,66,43,44
1,85,41,11,76,24,3,90,78,38,30
1,68,41,34,80,57,57,64,62,39,59
0,8,30,31,81,79,59,36,71,42,45
1,66,39,87,13,32,14,98,38,29,68
1,83,38,51,80,21,21,54,37,28,32
0,26,35,64,41,93,92,22,57,60,58
1,76,44,67,53,79,14,68,77,21,51
1,97,36,89,2,36,4,44,36,40,47
1,49,35,52,45,11,11,62,67,41,65
0,23,39,43,69,93,40,3,33,53,45
1,63,44,13,3,100,21,48,51,44,60
0,36,34,8,92,24,57,76,82,49,46
1,72,36,49,69,19,45,32,31,46,30
1,59,42,91,3,39,59,71,87,27,40
1,77,41,44,67,60,41,83,36,45,47
0,18,37,58,37,61,64,66,65,50,56
1,79,37,25,19,8,34,48,81,49,53
1,59,38,63,39,33,54,13,60,50,37
1,83,39,24,54,55,11,20,98,34,47
1,61,36,14,64,45,45,79,36,32,58
1,71,42,25,44,10,14,95,52,24,47
0,57,37,10,74,95,43,23,27,53,54
1,95,36,10,47,72,26,60,48,23,65
0,1,35,46,20,73,90,7,86,69,40
0,37,39,32,54,62,65,85,77,59,55
1,85,44,70,24,47,45,74,37,35,52
0,54,31,52,95,82,78,37,32,63,59
1,94,39,27,57,48,23,83,84,26,52
1,67,36,53,16,80,15,59,41,41,42
1,56,42,69,36,83,52,75,99,37,58
1,46,38,18,20,100,15,98,84,26,53
1,54,43,82,55,44,28,14,98,26,68
1,56,37,91,72,15,30,22,92,26,44
0,60,34,74,96,18,75,1,55,55,55
1,59,40,36,56,34,39,22,66,28,70
1,42,41,79,7,81,47,67,88,46,42
0,57,32,87,25,77,92,22,23,50,43
0,16,35,20,41,20,48,88,40,46,57
1,42,35,95,65,15,9,77,67,43,65
0,16,33,7,35,70,51,89,46,67,57
0,43,33,84,74,95,40,62,55,42,44
0,37,33,72,42,40,49,56,34,41,41
0,28,31,40,56,60,63,8,37,68,57
0,26,39,82,63,49,84,52,74,43,50
1,95,38,53,79,79,3,48,54,38,53
0,33,33,89,72,32,60,81,74,50,48
0,43,34,31,49,67,95,70,41,67,47
0,43,39,19,47,71,63,53,80,50,48
1,87,39,39,17,34,21,84,83,25,67
0,45,34,58,70,72,94,20,46,53,46
0,2,33,4,75,49,83,46,24,60,47
0,42,37,48,89,0,53,68,28,64,59
0,12,35,25,64,25,74,22,51,68,49
0,3,31,4,90,48,87,44,85,65,54
0,49,35,6,95,91,93,82,59,69,44
1,100,36,44,59,94,53,81,36,32,56
0,41,33,85,50,39,83,43,62,53,56
0,57,33,87,35,6,44,9,88,56,60
1,46,39,51,10,30,9,42,84,46,66
0,36,30,5,86,40,60,11,49,50,56
1,79,38,51,2,32,59,68,70,38,38
0,31,36,39,26,72,49,13,23,53,40
0,40,33,85,62,89,96,15,33,45,55
1,96,37,86,71,51,32,27,72,34,66
1,40,43,64,41,81,35,80,30,35,70
1,82,42,92,13,74,48,82,83,40,49
0,1,38,47,65,92,92,2,78,64,50
0,8,34,61,61,76,55,79,73,70,59
0,59,38,35,24,51,63,46,69,45,55
0,48,37,37,58,28,80,1,25,53,49
0,58,35,84,96,82,86,5,60,68,57
0,0,31,86,45,53,99,45,83,62,46
0,59,35,47,61,73,44,27,29,41,56
0,39,33,18,56,6,98,85,76,40,45
0,33,37,3,82,2,78,28,35,43,58
1,84,42,83,5,31,9,21,75,35,63
0,51,38,74,22,78,74,35,58,67,54
0,11,33,30,52,59,51,88,45,55,48
0,45,34,58,62,54,73,26,72,60,44
1,78,37,44,23,39,44,53,41,27,41
1,58,41,23,30,39,2,81,75,49,56
1,97,36,15,56,35,20,26,55,35,68
1,49,35,73,50,22,21,41,92,41,34
0,34,39,49,53,39,87,40,47,61,49
1,54,40,17,50,25,26,88,88,23,30
1,93,38,81,25,79,35,97,31,23,67
0,24,30,8,25,94,69,86,87,50,46
1,76,38,61,76,64,52,92,73,20,68
1,48,44,70,63,77,23,96,33,42,62
0,39,31,39,67,7,84,72,89,69,41
1,47,36,58,27,23,1,11,86,21,57
1,67,44,97,25,16,45,22,32,25,43
0,47,38,35,73,43,73,62,22,51,60
1,96,35,66,24,45,43,67,88,40,60
1,72,36,69,68,33,18,97,43,33,63
1,65,40,84,65,38,16,51,94,47,39
1,47,40,87,4,38,14,36,61,20,30
0,35,40,66,21,37,53,52,31,64,45
0,24,33,82,31,66,82,27,88,40,59
1,62,43,67,60,18,8,41,44,47,50
1,63,41,79,31,38,21,24,41,33,34
1,88,36,53,71,19,28,46,68,37,67
1,69,36,24,33,16,11,76,34,28,65
1,95,43,19,21,60,12,63,66,32,53
1,53,36,71,72,98,35,82,44,43,36
1,96,45,28,14,14,29,33,47,39,70
1,58,45,54,17,18,21,35,61,28,55
1,51,41,16,64,77,18,11,34,49,32
1,58,35,68,53,43,46,62,36,20,49
1,48,37,55,7,41,33,77,83,29,44
0,15,39,49,88,89,55,7,24,69,58
0,17,36,52,40,88,72,32,38,45,46
1,88,44,94,0,94,15,40,42,26,67
0,53,30,40,68,49,52,31,29,50,41
0,56,34,75,22,32,80,64,22,57,55
1,81,41,92,23,18,52,16,100,46,41
1,54,42,13,10,33,11,63,57,44,32
1,96,41,26,43,61,59,67,44,29,46
1,96,37,100,18,23,18,78,100,28,49
1,95,41,47,19,12,22,68,37,37,37
0,51,33,23,72,57,52,15,48,70,46
0,16,30,35,84,42,56,55,69,61,56
0,43,30,17,89,62,94,15,33,46,50
0,46,38,3,64,13,97,46,80,61,46
0,33,36,0,94,91,44,77,29,55,42
0,9,36,9,70,81,57,58,51,41,59
1,67,45,67,80,52,25,44,69,21,67
0,41,37,16,74,13,48,24,46,54,45
0,24,34,74,63,48,53,68,73,59,45
1,55,35,50,58,98,5,31,47,43,48
0,54,40,77,41,0,65,44,50,69,44
0,9,30,4,30,65,68,43,77,60,40
0,16,37,7,73,53,64,9,84,66,46
1,88,41,66,62,91,37,93,61,48,54
0,56,35,1,20,68,41,10,76,50,55
1,85,38,64,27,73,45,59,49,43,69
1,64,44,19,72,31,8,94,94,46,61
1,53,39,90,40,18,31,99,37,32,59
0,43,38,16,55,62,94,54,79,61,42
0,46,40,39,27,53,69,85,63,56,48
0,45,33,41,62,64,90,41,70,45,46
1,68,45,81,47,58,51,28,93,44,42
1,64,40,98,55,80,42,28,51,37,42
0,22,34,76,47,54,64,44,44,70,46
0,11,37,69,56,88,42,85,50,49,42
1,54,38,97,43,11,43,100,40,46,49
1,60,40,63,55,47,32,78,74,26,35
0,32,34,88,47,15,47,29,89,48,51
0,52,31,82,86,15,62,37,79,66,46
0,52,37,47,93,61,63,80,53,50,49
1,63,41,18,13,98,44,57,63,46,36
0,32,38,15,65,7,97,37,70,42,43
0,13,37,22,53,58,90,0,58,64,56
0,58,40,29,59,24,100,3,47,67,47
1,64,39,69,55,86,17,25,85,21,53
1,68,43,12,7,12,10,15,79,25,45
1,57,42,43,5,88,33,65,38,42,64
0,50,34,46,52,81,56,73,77,70,42
1,40,37,68,36,98,46,84,62,32,63
1,67,38,84,9,44,41,32,98,34,36
1,83,44,68,13,6,21,63,64,50,39
0,46,40,26,74,77,52,60,60,53,45
1,84,43,90,51,40,47,44,80,40,31
1,44,42,80,21,45,29,35,35,50,38
1,59,37,47,52,32,27,50,91,25,67
0,14,38,15,63,65,73,73,53,59,47
1,97,39,43,23,32,22,62,58,27,43
1,89,38,31,71,6,54,22,70,42,32
0,26,30,81,99,2,69,66,40,56,43
1,82,40,25,23,95,18,82,58,20,33
0,3,40,14,42,79,56,61,61,40,52
1,51,40,41,65,62,57,23,56,33,69
1,74,35,60,75,16,51,48,43,31,55
0,49,36,56,75,45,59,53,76,63,54
0,1,39,53,88,95,66,71,65,43,60
0,13,33,85,63,42,99,15,40,56,43
1,64,45,56,54,10,39,97,58,20,55
1,85,39,73,2,88,30,72,71,49,36
0,57,37,23,45,34,89,32,29,51,41
1,100,35,62,17,51,24,69,42,21,36
1,80,37,46,60,90,34,52,38,41,39
0,53,36,55,22,23,57,15,89,69,52
1,100,43,91,72,47,10,58,67,32,65
0,36,30,77,43,10,95,68,53,56,59
0,60,34,39,35,81,61,83,65,40,54
1,66,40,33,66,41,20,27,32,36,36
1,87,35,81,17,40,10,79,75,39,41
1,67,39,37,1,48,4,65,41,33,34
1,75,35,62,3,90,6,22,95,28,56
1,82,36,30,28,17,14,60,78,30,67
1,41,42,51,11,100,25,56,70,33,61
0,17,38,53,48,2,81,83,62,62,50
1,41,39,18,38,95,56,68,60,21,37
1,55,35,25,44,79,30,45,56,20,64
1,50,40,40,77,44,4,50,40,41,64
0,26,36,82,73,17,54,62,86,58,49
0,30,39,5,85,24,92,46,40,54,59
1,51,37,19,72,29,38,37,80,37,65
0,20,39,20,44,39,66,79,29,67,46
0,21,32,54,24,61,93,18,80,55,45
0,16,37,46,70,78,71,30,31,45,58
0,40,39,58,27,82,61,54,57,56,40
1,40,38,42,16,44,45,25,33,21,60
0,22,39,37,74,74,76,8,48,51,51
0,8,34,43,97,41,82,20,74,45,57
0,14,34,71,32,82,68,43,33,61,43
0,12,34,28,90,20,58,45,88,58,51
1,55,39,71,80,95,12,24,39,23,35
0,52,40,50,22,94,47,2,38,56,50
1,98,37,50,19,7,43,62,48,33,35
1,56,35,100,13,99,18,25,70,46,58
0,39,36,46,73,12,62,47,81,40,49
1,79,37,85,57,74,18,49,91,44,61
1,75,42,90,68,67,44,64,86,23,33
0,0,36,37,50,71,84,37,25,46,47
1,61,45,93,32,65,2,65,30,48,43
1,90,36,58,29,16,53,12,47,30,37
1,50,36,30,74,54,34,83,76,43,55
1,42,45,98,1,41,33,67,63,28,64
1,88,44,71,64,72,23,22,45,45,62
1,99,44,72,54,26,4,83,52,27,53
1,100,42,73,28,25,41,71,79,40,42
1,71,45,52,8,13,45,49,55,34,49
0,59,32,14,81,70,93,86,76,61,52
0,42,37,62,23,88,43,45,62,67,53
0,20,40,2,90,61,89,50,67,66,55
1,59,35,70,42,86,11,41,63,26,56
0,47,35,14,44,74,77,4,56,62,54
1,54,37,17,60,95,46,94,37,36,38
0,26,39,1,70,34,75,79,50,57,41
1,61,35,16,13,47,25,30,97,22,58
1,55,39,89,18,95,53,93,51,48,54
1,100,42,31,73,65,54,88,71,25,46
0,6,37,32,73,46,58,44,25,70,59
1,72,44,56,73,94,37,45,86,27,52
1,82,38,97,53,9,57,16,40,37,65
1,55,40,15,32,26,8,84,42,40,54
1,87,45,44,48,33,59,16,93,43,59
0,27,34,36,67,47,40,64,37,40,49
1,88,42,79,14,19,26,93,34,44,65
0,48,33,28,63,35,45,63,57,64,59
1,47,39,24,65,5,52,82,51,24,32
0,44,35,57,46,51,78,47,25,60,45
1,46,42,81,75,99,27,95,56,38,39
1,57,45,43,23,90,43,50,53,27,62
0,39,36,46,47,51,94,78,59,43,48
1,78,42,99,62,35,49,76,31,48,58
0,34,37,82,49,91,69,77,36,56,58
1,68,45,45,58,80,19,73,66,25,37
1,84,36,48,16,79,54,31,65,29,60
0,4,31,45,30,28,66,66,62,43,60
1,70,45,26,15,51,35,49,31,39,64
0,20,40,64,40,62,98,53,83,61,45
0,5,38,22,59,12,97,76,20,56,41
0,35,34,27,29,63,86,12,52,50,47
1,93,37,17,18,98,35,76,34,40,42
0,1,39,54,35,15,68,4,29,44,57
0,21,38,84,42,42,84,16,39,43,58
0,14,30,68,30,45,43,48,48,66,52
0,2,39,7,42,62,63,72,85,41,52
1,99,38,58,44,9,29,10,93,30,31
0,28,37,14,23,69,96,5,48,42,45
0,51,36,63,47,2,90,65,79,50,48
0,21,32,13,72,11,95,23,72,70,51
0,59,32,51,80,67,81,50,60,66,42
0,9,30,49,58,81,69,20,22,42,52
1,95,35,32,24,6,6,21,64,26,39
1,86,41,95,10,52,29,71,42,42,49
0,11,39,9,72,93,50,85,23,52,60
1,53,36,48,34,54,0,95,32,20,65
1,87,35,35,21,48,22,56,81,23,30
1,83,44,25,78,38,4,95,58,20,62
1,45,40,24,25,63,18,42,81,25,57
1,91,35,75,62,50,0,79,64,44,63
1,87,41,66,0,11,41,81,32,42,39
0,31,38,33,41,91,48,57,26,54,44
0,28,40,33,21,57,91,6,40,69,41
0,39,30,29,75,8,84,58,71,54,43
0,55,36,33,64,26,53,38,50,69,57
0,19,38,0,93,72,41,16,76,43,42
1,74,39,68,44,16,5,22,34,33,47
0,56,35,51,77,49,61,35,86,58,50
1,93,40,12,34,22,27,74,65,29,45
1,44,39,32,6,44,12,73,43,20,58
1,93,43,81,1,64,20,22,68,33,36
0,60,36,52,21,59,65,61,44,40,43
0,29,30,48,81,28,70,41,62,52,46
1,64,37,10,80,9,56,16,50,49,52
1,94,35,13,76,61,41,25,63,40,66
0,49,34,71,85,2,85,71,26,48,43
0,44,37,67,52,58,73,44,74,65,45
1,72,38,22,65,45,26,14,72,21,48
0,21,32,6,28,2,85,55,25,49,52
1,74,35,99,19,56,36,93,56,50,62
0,3,39,48,36,88,99,69,59,67,60
0,52,35,25,73,11,95,4,44,62,41
0,48,38,56,77,50,56,12,29,68,48
0,1,34,60,43,88,97,77,80,58,47
1,100,44,62,72,64,11,61,49,44,63
1,91,37,49,37,9,30,100,74,30,70
0,30,40,37,82,44,49,39,72,70,52
1,44,45,62,44,22,47,71,84,37,42
1,41,39,98,9,32,59,78,65,24,31
1,72,35,91,80,42,37,36,76,33,41
0,59,33,30,87,2,66,31,36,67,51
0,18,37,54,41,74,95,63,33,42,60
1,72,44,84,31,15,28,100,78,29,44
1,81,43,53,59,38,56,95,87,43,68
0,52,33,88,79,27,45,87,85,51,42
0,22,31,64,72,47,59,20,42,43,46
1,54,38,10,13,30,33,37,44,40,64
0,23,35,19,29,47,99,37,46,58,41
1,98,35,41,22,39,38,65,55,37,31
1,60,40,58,76,79,31,54,58,38,56
0,11,30,82,44,5,44,72,71,55,52
1,85,38,20,39,65,21,17,32,29,61
1,81,45,48,42,16,8,18,41,43,56
1,97,38,70,2,42,35,13,60,49,63
0,60,38,59,74,69,84,31,61,62,56
1,70,40,40,25,46,35,46,67,28,66
0,22,36,45,100,94,56,3,59,54,56
0,14,34,85,76,81,82,14,42,63,55
0,26,34,48,56,41,79,61,90,52,57
0,25,32,54,69,20,90,12,66,43,43
0,58,40,36,27,46,46,86,25,59,54
1,42,39,82,20,83,32,81,36,34,51
1,97,38,100,50,67,12,40,37,24,32
1,93,39,91,29,39,59,23,90,33,69
1,69,45,62,44,81,24,73,77,21,63
1,59,44,17,41,97,44,98,39,24,49
1,99,43,43,69,64,32,87,78,39,47
1,84,35,22,56,72,43,67,96,32,65
0,23,38,73,51,60,79,88,87,52,58
1,63,41,55,51,13,52,79,49,29,67
0,5,39,58,78,43,94,58,43,52,58
1,64,37,63,28,9,3,27,30,27,41
1,46,45,40,19,47,34,12,76,49,31
0,9,37,20,47,78,70,46,20,41,43
1,42,39,62,28,90,5,72,51,39,58
1,54,39,48,17,8,57,51,58,48,53
0,39,33,14,39,27,90,34,57,62,48
0,30,38,48,76,35,66,47,74,48,47
0,12,33,51,81,81,78,48,34,41,53
1,81,44,94,53,58,24,74,31,40,56
0,60,33,32,39,16,74,33,85,52,44
1,44,35,84,40,31,5,68,97,31,53
0,27,35,72,77,43,56,50,49,66,50
1,70,35,52,66,44,20,68,36,25,50
1,78,43,88,16,79,55,29,74,36,36
1,92,44,34,50,61,19,56,30,36,49
1,77,45,65,19,71,7,24,63,45,63
1,76,39,32,37,49,40,70,49,38,33
0,27,37,36,45,26,80,81,71,52,55
0,56,37,22,94,29,66,15,48,54,55
0,44,31,6,91,47,88,48,57,54,55
0,11,32,45,68,80,75,85,62,43,45
0,6,32,67,44,40,59,89,63,45,40
0,4,36,88,71,30,41,47,34,43,53
0,4,38,15,83,82,41,74,42,56,47
0,14,30,19,24,90,46,19,28,55,52
0,12,38,3,93,94,92,23,79,70,47
1,43,44,36,41,58,32,63,53,24,42
0,35,32,23,92,5,98,48,46,63,42
1,40,37,14,41,61,30,80,97,30,69
1,69,39,66,19,87,33,19,76,36,41
0,49,32,12,32,52,87,18,65,56,60
0,57,34,21,55,79,40,46,90,68,43
0,18,34,19,49,89,90,39,60,65,51
0,27,40,15,100,93,40,10,62,54,56
0,30,37,5,61,13,51,16,59,70,53
0,2,36,79,38,88,88,54,21,53,57
1,57,45,73,37,14,18,10,85,25,43
1,48,43,69,10,46,48,39,52,42,51
1,40,40,94,55,68,5,63,82,26,39
0,8,33,22,79,6,59,69,84,51,54
0,55,35,54,90,18,53,53,49,41,52
0,29,37,60,37,4,90,28,72,41,51
0,27,39,88,56,61,47,67,53,68,56
1,70,42,37,50,27,10,94,47,49,58
1,71,45,87,57,23,19,60,60,21,55
0,51,36,36,52,57,95,33,55,50,57
1,40,43,50,17,79,13,45,62,46,39
0,50,34,36,80,55,80,51,56,61,44
0,3,36,51,26,28,47,3,88,40,54
0,23,34,8,67,35,77,54,52,48,55
1,46,42,65,11,15,58,25,56,35,53
1,54,45,61,56,99,36,15,80,23,70
1,54,41,68,71,98,30,42,34,20,69
0,6,36,14,100,55,54,58,64,70,48
1,42,39,99,13,94,43,73,39,34,37
0,19,34,12,85,25,100,69,32,59,59
0,44,35,9,32,32,74,63,30,63,60
1,74,45,68,53,88,59,79,37,46,33
0,56,34,76,87,17,47,21,90,44,41
1,44,44,24,46,61,49,39,79,20,63
1,50,43,64,60,65,21,54,59,49,33
1,67,40,86,71,94,46,10,78,50,47
0,23,38,27,49,12,49,6,40,46,41
0,19,39,9,100,88,53,59,64,50,42
1,42,36,38,46,9,18,78,36,32,70
0,6,36,78,23,49,56,82,78,54,60
1,90,45,89,57,69,0,64,87,30,51
1,41,45,87,52,16,39,63,72,45,47
1,87,41,19,41,43,29,97,81,34,56
0,54,40,57,86,79,72,66,30,58,57
0,4,32,78,24,91,94,6,82,58,51
0,14,30,30,54,16,94,79,49,48,53
0,9,36,64,29,87,42,29,20,70,50
1,41,42,45,55,13,10,92,61,32,67
1,81,35,47,20,37,0,29,46,24,68
1,81,35,85,31,89,10,56,80,45,49
0,4,35,35,75,30,62,26,72,40,51
0,29,33,87,44,65,96,2,31,44,50
1,66,43,19,53,53,20,61,75,48,46
0,39,33,65,81,6,68,77,54,56,45
1,97,35,43,65,41,59,93,71,32,41
0,25,36,47,93,8,40,25,86,60,49
1,57,36,26,40,6,55,37,62,30,67
0,12,40,47,21,83,87,62,55,48,44
1,91,45,44,40,45,25,92,93,41,41
1,65,45,15,13,13,14,32,99,46,69
0,14,39,71,71,88,97,87,62,47,53
0,33,33,71,33,77,77,32,50,70,44
1,49,38,94,20,86,15,39,77,49,41
0,19,31,17,78,89,60,12,75,50,51
1,87,42,13,3,64,2,32,68,23,64
0,48,40,71,97,19,66,63,55,51,41
1,77,40,98,2,92,39,100,46,26,55
0,1,30,84,25,15,88,67,73,40,43
1,69,38,46,39,49,9,51,96,35,57
0,26,32,68,84,38,50,88,41,61,45
1,56,37,27,23,97,23,90,83,36,45
0,1,34,57,46,70,42,81,61,61,49
0,3,34,84,34,64,94,56,48,63,48
0,10,30,55,29,25,94,39,42,57,42
1,66,40,42,17,18,49,21,43,28,65
1,53,35,22,39,24,32,53,76,45,35
0,27,33,16,58,78,91,20,84,55,45
1,97,44,15,68,67,8,28,60,40,47
0,40,39,75,65,5,61,44,59,61,47
1,67,37,25,41,38,2,98,87,30,44
1,65,39,84,63,56,33,88,94,44,36
0,37,30,43,25,68,42,57,58,66,50
0,3,39,70,64,82,85,40,64,65,54
1,64,35,22,75,17,50,79,53,41,43
0,49,30,29,45,66,72,23,65,48,45
0,51,40,21,39,93,57,75,65,56,55
0,27,34,40,36,6,48,75,34,53,51
0,60,33,55,50,60,83,10,49,70,51
1,57,42,99,71,45,28,66,88,43,55
0,43,30,5,68,34,91,64,82,45,47
1,44,42,38,27,30,48,72,74,22,54
0,24,34,82,48,14,92,52,66,63,45
0,19,40,19,55,64,88,86,43,58,51
0,37,32,36,92,2,72,9,83,42,48
0,51,33,66,36,26,82,54,74,68,51
1,55,35,64,67,20,18,97,32,36,44
1,78,45,54,26,76,6,80,48,29,67
1,63,35,59,47,37,55,91,75,23,60
1,59,41,85,41,59,0,56,77,32,66
1,100,38,10,16,56,16,12,78,47,39
1,46,35,97,71,57,41,95,90,27,54
0,44,35,50,85,71,44,46,81,64,52
0,42,39,0,41,40,90,46,44,58,44
1,54,43,10,56,74,34,61,78,43,54
0,49,33,12,26,86,90,42,53,56,57
0,33,35,27,39,81,68,5,47,50,56
0,21,33,7,62,40,83,65,83,65,41
0,46,37,63,37,5,50,16,46,69,41
1,97,43,76,37,93,45,75,54,38,34
1,46,42,93,41,64,43,56,65,20,35
1,98,38,24,9,21,11,83,53,46,47
0,0,36,0,56,29,77,16,82,54,47
0,37,40,36,52,25,51,5,88,41,42
1,91,45,93,60,13,13,76,87,36,47
1,79,44,54,77,20,54,11,57,27,70
0,44,30,67,92,37,45,61,32,49,48
0,10,37,5,42,27,73,12,27,45,40
0,9,37,89,36,77,90,17,84,70,47
1,79,38,92,3,27,21,32,84,34,30
0,13,39,12,40,9,49,60,39,62,52
0,26,31,84,47,19,47,79,75,66,55
0,46,36,39,57,61,66,75,46,69,59
0,26,35,8,25,35,52,84,61,40,58
0,49,33,24,53,94,62,71,30,44,47
0,55,39,47,25,31,78,37,86,43,52
0,31,37,88,75,58,72,78,41,59,54
1,78,43,17,52,45,49,66,69,49,48
1,44,44,97,60,25,38,90,88,44,69
0,6,34,30,73,74,95,89,36,42,42
0,4,31,30,88,33,86,18,42,42,56
1,90,41,94,39,36,39,15,40,40,37
1,100,37,21,40,62,12,17,93,32,64
1,42,36,63,12,84,12,20,30,40,35
1,64,37,62,2,75,37,85,83,49,34
1,50,35,62,8,24,32,81,92,33,59
0,19,39,81,44,37,91,1,64,66,41
0,34,32,43,35,17,83,2,90,40,49
1,99,38,50,2,9,55,74,69,40,62
0,37,34,85,80,41,60,25,88,52,47
1,100,45,87,36,89,25,10,59,44,53
0,6,33,59,83,74,49,11,82,61,48
1,47,39,70,72,83,4,43,100,30,51
0,26,39,89,94,6,54,34,72,47,49
1,89,39,100,13,82,40,31,81,50,42
0,11,31,82,58,33,61,45,85,56,43
0,17,31,69,79,95,100,90,48,57,43
0,47,39,68,90,65,70,11,84,43,60
0,30,38,87,63,83,42,49,53,61,40
1,56,44,11,73,88,35,89,84,30,39
0,31,39,52,95,8,62,53,34,58,43
1,77,42,97,54,58,40,15,53,33,63
0,11,35,41,55,89,80,72,84,43,46
1,63,44,15,32,51,6,59,79,39,54
0,20,36,33,67,28,40,65,22,40,44
0,56,38,11,83,4,60,66,88,60,43
1,78,36,100,70,19,28,41,64,49,56
1,75,43,11,57,87,30,93,34,31,56
0,48,37,28,45,85,81,65,44,60,45
1,79,39,82,29,98,32,41,91,29,51
1,74,38,35,79,37,22,79,33,29,44
1,91,38,34,19,30,56,70,52,38,69
1,86,45,48,47,27,21,81,38,48,32
1,45,45,57,6,32,5,82,89,40,38
0,41,31,19,21,74,70,21,66,46,42
0,33,37,38,31,74,92,36,56,42,45
1,67,41,42,24,42,33,19,65,26,51
0,28,39,5,65,20,75,42,84,48,48
0,53,31,32,98,94,80,33,57,44,52
1,91,36,63,76,14,32,27,46,46,31
1,64,43,68,61,72,36,48,38,22,61
1,91,41,68,0,65,0,56,39,28,42
1,48,36,19,6,86,33,11,54,31,59
1,88,36,72,49,11,48,69,83,22,50
0,59,40,33,87,83,46,31,28,45,56
1,74,35,43,34,95,13,30,41,29,41
0,15,39,20,56,92,58,1,54,42,41
0,13,38,77,91,88,79,38,49,42,52
1,58,38,53,29,32,36,89,67,38,60
1,48,36,12,72,33,45,73,80,38,38
1,92,44,45,59,26,41,55,92,36,58
1,68,43,37,6,54,29,60,89,31,34
0,22,34,90,36,68,57,47,53,68,53
1,67,36,16,53,60,12,76,64,44,32
1,47,39,48,11,23,46,94,41,21,42
1,69,43,26,52,16,56,72,96,37,56
0,17,39,51,89,81,87,83,64,59,60
1,49,40,87,54,94,15,11,74,42,43
1,81,44,31,67,38,8,81,87,38,62
1,88,37,70,5,70,44,50,30,24,65
0,33,33,30,99,41,68,63,53,58,51
1,67,44,75,26,85,40,45,67,35,70
0,39,35,29,20,76,59,86,52,60,49
1,57,39,73,43,14,26,15,44,25,45
0,55,32,76,46,2,55,50,37,44,57
1,95,44,29,25,16,38,22,82,23,34
0,47,32,77,21,12,76,65,28,68,50
1,88,44,68,10,89,14,10,62,47,59
1,83,40,76,80,51,23,40,91,21,49
1,92,38,68,75,17,37,96,37,48,50
1,53,43,64,60,32,28,31,54,21,54
1,51,37,63,22,49,40,35,86,35,52
0,11,38,52,93,7,87,80,21,43,60
0,20,30,54,99,10,51,77,24,50,53
1,92,35,35,68,56,5,76,61,39,53
1,49,44,50,9,77,25,53,42,42,57
0,0,32,42,93,74,45,76,57,41,49
1,62,38,52,80,41,39,50,40,21,41
1,41,38,26,28,28,47,55,73,35,49
0,25,37,84,42,52,53,2,26,53,60
1,84,38,76,34,66,11,88,35,20,53
0,25,31,27,97,94,43,28,62,41,48
1,43,41,90,4,68,47,73,90,36,37
0,8,35,30,74,54,71,5,37,41,56
0,3,36,13,64,62,91,43,26,61,41
0,24,37,65,81,0,48,72,61,66,59
1,94,42,36,11,76,56,42,72,28,63
1,59,41,13,33,47,24,75,83,25,67
1,59,42,49,80,88,25,93,38,43,34
1,72,35,53,48,19,12,70,62,38,47
0,0,33,45,40,25,71,72,84,47,60
0,14,30,63,20,22,95,67,71,57,42
1,45,39,19,6,86,45,71,83,28,65
0,48,30,65,72,31,74,31,79,65,41
1,70,44,69,71,26,14,37,98,48,68
1,59,44,11,14,10,35,36,92,48,43
1,68,38,57,17,94,24,93,85,40,37
0,51,33,87,100,45,40,49,25,54,40
0,2,36,61,25,63,96,8,21,44,49
0,11,37,22,97,75,82,28,59,61,53
0,60,34,38,77,32,42,14,57,62,58
0,14,31,44,66,88,95,6,66,46,53
1,83,36,58,21,68,40,76,32,32,32
1,83,39,77,22,72,58,16,82,28,42
0,29,38,12,75,5,66,0,63,58,56
1,95,39,20,9,22,55,79,59,22,50
0,57,30,8,84,27,66,31,50,56,50
0,20,39,53,69,2,52,76,22,68,58
1,59,36,18,58,91,43,30,58,42,50
1,60,39,24,54,27,48,13,32,49,67
0,27,36,27,46,80,49,61,85,55,49
0,21,39,68,66,52,56,13,21,47,51
1,58,38,38,42,27,9,43,85,41,42
0,40,39,55,83,4,46,7,52,64,40
0,53,30,4,61,74,79,69,78,46,46
1,95,42,88,76,40,30,46,47,27,41
1,69,41,31,68,5,44,70,70,25,54
0,21,38,27,88,90,88,24,65,46,44
0,39,36,10,66,90,69,0,51,62,46
0,22,34,52,64,56,98,57,29,56,43
1,97,37,65,58,50,45,53,53,50,40
0,30,34,14,62,79,58,86,55,63,51
1,60,35,14,44,57,13,41,50,21,30
1,45,35,76,8,30,46,76,81,21,63
0,13,31,26,77,57,71,86,34,63,53
1,89,39,27,31,71,35,44,54,21,52
0,55,32,90,62,23,55,44,89,46,56
1,41,40,86,30,90,34,23,95,42,36
1,48,37,91,0,48,13,34,99,41,49
0,10,33,20,69,59,44,9,40,69,57
1,55,42,83,26,33,44,31,71,25,47
0,30,40,87,95,67,80,11,50,63,55
1,43,38,20,17,5,54,26,90,43,67
1,78,42,49,33,57,49,23,39,28,43
1,94,44,38,73,93,41,52,39,28,62
0,27,37,39,89,52,41,82,23,44,47
1,70,38,91,70,21,26,67,62,39,41
1,48,45,25,54,41,22,86,91,32,62
1,67,41,22,41,94,40,73,59,38,52
1,85,44,34,10,24,9,73,87,32,44
1,43,35,18,52,49,13,56,45,45,37
0,46,33,64,20,32,60,51,46,69,52
0,23,32,12,52,37,53,38,78,49,56
0,45,31,52,56,27,90,54,48,67,45
0,20,30,50,90,51,84,60,37,40,53
1,91,44,18,26,31,35,59,56,34,47
0,43,37,57,100,0,99,87,60,69,48
0,19,37,64,68,42,48,25,78,51,60
0,46,31,2,85,78,72,38,26,64,57
1,69,45,41,50,73,58,93,61,21,45
0,33,31,66,79,23,67,79,38,62,47
0,29,31,52,72,0,49,7,87,59,48
1,82,36,37,67,14,49,48,66,27,59
1,48,45,64,3,56,54,31,43,27,53
0,56,31,63,28,52,53,17,88,53,48
1,95,37,91,11,16,17,61,53,20,70
1,66,35,95,9,91,37,90,55,22,64
1,82,39,23,20,98,1,26,98,23,68
1,95,37,87,12,5,18,93,54,43,51
1,62,38,78,4,42,22,29,87,48,58
0,18,35,57,72,15,58,71,22,45,55
0,37,37,15,36,89,51,76,84,51,53
0,18,33,4,27,5,54,57,78,50,49
0,1,32,18,90,20,58,53,22,64,42
1,66,37,79,69,22,54,29,46,36,35
1,96,40,10,57,56,36,22,50,31,58
1,57,36,54,24,58,32,23,60,38,48
0,6,39,5,88,2,98,64,20,67,48
0,11,39,45,60,6,91,10,21,41,58
0,28,37,65,56,1,93,87,76,61,45
1,74,35,20,36,6,12,32,34,44,60
1,63,36,91,10,66,8,91,82,25,59
1,63,41,28,33,80,31,26,53,43,66
0,2,33,33,56,81,54,16,26,51,60
1,70,42,60,19,75,0,88,78,39,55
1,47,40,61,55,99,51,16,46,39,56
0,60,34,74,51,26,75,85,58,61,53
0,59,40,30,87,71,97,73,51,55,43
1,65,43,27,32,76,50,48,38,39,56
0,38,37,32,89,41,78,31,49,46,48
0,59,35,33,87,54,83,4,34,43,58
1,72,41,29,4,27,7,15,90,37,46
1,100,39,54,74,15,10,29,73,40,61
0,16,37,55,53,18,74,34,50,67,45
1,78,45,61,39,91,57,79,90,24,40
0,15,35,18,64,85,77,71,53,53,47
0,27,37,83,83,78,84,26,60,58,48
1,88,43,49,34,88,7,13,79,37,52
1,42,37,68,30,25,3,26,57,42,65
1,74,40,75,32,59,22,89,57,44,52
0,35,31,52,56,57,61,79,67,52,42
1,75,35,58,35,57,20,59,98,37,52
0,29,39,88,64,52,46,72,85,61,55
0,4,32,35,93,16,64,50,50,48,46
0,29,36,61,82,52,77,76,31,64,48
1,86,37,36,74,38,50,97,92,25,59
0,15,35,51,45,78,78,39,86,55,43
0,57,33,13,49,49,77,26,30,52,43
0,57,32,48,83,17,76,28,31,65,59
0,4,30,42,84,7,90,38,45,50,50
0,35,40,64,60,58,58,5,68,55,45
0,35,33,79,57,39,92,27,52,41,52
1,59,43,40,21,100,4,82,36,29,65
0,48,35,12,67,81,61,17,64,42,52
0,43,32,11,42,85,90,69,83,42,42
1,60,39,98,71,38,17,30,40,21,61
1,59,43,71,25,46,10,38,66,42,62
0,21,39,20,26,1,62,46,70,55,52
1,74,39,44,33,28,10,37,93,39,49
1,40,43,76,19,50,46,39,67,45,64
0,23,38,9,91,88,64,68,54,41,53
1,86,42,66,1,34,34,68,70,30,58
0,30,33,37,76,18,72,3,29,51,45
0,48,35,67,91,90,96,74,43,52,41
0,11,34,28,55,77,94,39,50,66,58
0,49,38,15,31,44,44,46,21,60,48
0,37,31,9,95,60,73,79,36,53,49
1,85,45,95,30,45,21,74,49,43,58
0,38,39,68,21,79,83,49,32,68,41
1,61,38,50,67,55,47,59,88,28,60
0,41,39,53,57,4,91,46,63,41,54
0,3,31,55,87,22,48,53,25,47,45
1,46,36,58,26,17,24,79,96,23,56
1,49,36,26,30,56,54,85,92,44,61
0,54,35,65,65,82,95,67,54,43,57
1,58,41,36,69,96,60,32,80,39,34
1,40,37,75,36,28,37,29,55,50,61
1,85,44,15,38,50,42,46,50,26,61
0,44,40,63,68,25,56,74,70,44,49
0,40,40,90,75,90,67,20,54,63,46
0,51,38,79,64,16,81,59,80,60,47
0,42,32,48,93,75,86,83,81,44,42
0,11,36,20,77,55,95,12,81,50,51
0,21,34,21,36,85,61,85,49,67,51
0,51,34,54,99,7,59,48,52,62,48
1,92,44,81,69,6,41,57,52,45,54
1,72,44,34,9,31,2,33,91,37,58
0,56,34,86,65,70,96,13,21,59,40
1,77,39,11,58,44,15,23,62,27,42
0,56,31,22,72,55,76,63,76,55,43
0,28,35,30,29,91,100,8,41,53,47
1,44,40,23,55,94,2,53,92,45,61
1,57,44,61,17,54,25,81,44,36,30
1,45,35,48,76,64,18,49,38,42,40
0,42,30,81,64,74,63,21,82,49,51
0,30,36,68,88,31,100,29,75,70,60
1,52,44,76,69,79,37,45,41,39,36
0,3,39,61,45,66,58,64,32,43,42
1,55,37,91,37,40,23,22,61,47,41
1,80,38,28,30,43,31,31,43,49,42
1,51,44,62,48,13,2,83,96,39,36
1,88,39,35,23,9,27,12,46,37,38
1,65,43,77,25,22,35,22,45,45,59
0,53,35,82,51,11,57,39,47,66,44
0,42,31,79,63,91,97,5,37,64,42
1,86,41,62,54,59,18,70,67,29,31
1,78,42,87,25,31,39,25,71,44,61
1,61,35,78,2,91,57,51,48,37,30
0,33,38,73,32,30,52,22,26,44,45
0,3,32,78,42,20,87,81,23,43,41
0,54,34,49,75,37,49,15,25,53,60
1,79,38,80,48,19,48,57,53,31,58
0,14,33,41,56,23,93,86,72,61,47
0,11,38,70,21,85,53,82,79,56,46
1,100,38,76,12,43,51,64,47,44,60
1,74,36,52,6,33,3,78,55,29,45
1,82,37,75,51,31,33,11,98,42,43
0,15,30,18,20,13,100,4,37,48,40
1,90,39,27,29,20,25,95,79,49,52
1,66,36,48,9,72,16,30,94,49,58
0,16,38,4,71,86,45,3,48,59,60
0,55,36,16,20,25,95,1,28,68,59
0,59,30,23,55,81,87,57,34,42,56
0,31,38,17,71,78,83,5,70,52,44
0,15,40,75,65,56,50,18,43,40,49
1,84,45,56,54,12,54,20,66,42,32
0,36,38,1,36,13,70,75,81,53,44
1,86,37,42,76,62,56,66,87,27,41
1,86,42,61,66,7,58,37,44,50,43
0,49,40,4,48,14,94,16,83,55,40
0,19,36,52,80,75,52,38,54,56,41
1,64,41,44,41,72,42,22,35,25,60
1,93,45,45,34,62,45,33,74,49,51
1,91,35,48,22,23,48,74,83,42,52
1,51,38,66,0,42,33,26,66,44,38
0,6,35,20,41,81,94,45,46,62,58
0,48,32,89,92,33,53,51,38,41,53
0,21,31,63,88,23,98,19,65,41,45
0,5,34,81,33,31,85,64,77,67,52
0,40,38,8,87,55,92,13,49,63,41
0,42,30,38,60,88,48,12,21,46,43
0,15,38,8,46,57,68,34,28,49,57
0,7,33,32,81,30,47,21,20,69,46
0,39,32,63,31,18,61,56,40,47,60
0,33,33,31,36,49,41,68,25,52,57
1,100,36,84,63,44,53,88,49,35,39
0,37,35,53,91,83,78,4,64,48,41
1,45,38,51,46,63,36,51,61,46,43
0,41,35,26,34,15,82,60,46,44,54
1,76,39,67,2,73,56,56,92,22,51
0,59,34,86,44,7,64,44,38,49,49
1,79,37,68,17,34,14,35,85,45,53
0,22,32,86,91,2,96,3,37,45,49
1,68,41,95,28,30,45,26,87,37,34
1,64,36,19,20,72,43,77,57,31,36
0,10,40,84,25,18,59,38,52,43,51
1,87,35,10,5,40,12,63,75,20,54
1,91,38,12,55,39,14,34,83,48,39
0,22,37,68,21,48,97,88,89,50,40
0,60,36,19,70,69,61,14,69,51,49
0,16,37,1,84,63,61,71,32,45,51
1,52,35,11,43,55,40,59,63,32,65
0,9,33,51,32,58,74,53,34,48,43
0,8,30,38,28,47,95,72,44,66,42
1,40,39,55,30,64,52,31,65,50,69
1,49,35,83,75,94,13,65,65,45,38
0,12,38,80,76,18,60,4,54,60,48
0,4,32,50,88,15,47,77,79,68,60
0,20,32,37,61,65,69,54,77,41,52
0,49,32,13,89,31,45,89,45,51,54
0,18,34,39,66,72,68,82,83,65,40
0,22,35,65,97,74,54,3,73,49,44
0,9,36,69,39,12,86,60,22,42,58
1,44,45,13,71,38,25,82,98,30,58
1,47,37,76,68,58,18,76,35,43,54
0,13,39,68,60,45,50,15,59,46,49
1,100,43,74,74,26,0,50,68,27,48
1,98,41,91,56,33,37,17,70,27,39
1,60,36,50,32,46,13,83,60,32,34
1,99,42,54,5,78,44,23,40,41,47
0,3,36,67,55,24,47,44,71,58,45
1,99,41,63,75,7,23,38,56,29,39
1,52,38,12,66,78,31,41,100,22,32
1,45,41,81,61,85,10,66,45,37,37
0,10,39,17,68,21,43,62,44,45,50
1,97,39,35,43,57,21,11,92,38,55
0,50,37,55,64,18,41,81,42,46,43
1,43,35,61,53,100,17,58,30,24,35
1,77,37,42,32,7,35,10,66,49,59
1,85,40,99,20,13,54,12,68,21,63
0,14,30,90,72,2,97,73,42,66,40
0,16,30,5,64,6,66,79,74,49,58
0,25,32,5,84,74,55,15,61,66,54
0,20,32,48,44,78,49,66,62,70,41
1,87,42,16,32,23,11,58,74,50,60
1,43,37,41,75,74,27,82,30,42,68
1,76,44,66,52,21,19,32,85,38,37
0,14,36,8,66,47,52,6,63,56,53
0,14,39,84,86,94,43,11,72,54,60
0,11,33,15,65,37,77,17,29,43,51
1,60,42,57,71,86,56,64,64,46,45
1,53,44,57,16,85,38,38,90,46,57
1,71,42,76,78,88,60,70,55,49,60
1,55,35,65,23,99,29,75,62,43,38
1,41,40,82,10,11,24,53,62,22,50
0,9,30,77,80,0,85,32,69,65,53
1,50,38,59,53,52,7,45,37,44,57
0,32,38,28,70,60,45,27,60,55,41
1,48,41,50,39,48,11,42,36,45,70
0,33,39,70,81,59,69,16,55,67,40
0,50,35,65,68,36,98,33,80,62,58
1,89,45,31,52,63,21,19,35,43,43
0,6,40,16,25,7,81,34,44,64,40
0,30,32,87,26,40,43,89,71,62,54
1,100,44,47,63,39,15,94,95,22,45
0,4,33,87,43,83,70,57,32,47,54
0,39,39,47,34,61,82,25,78,57,55
1,81,39,30,69,99,37,100,53,30,56
1,52,43,51,46,71,59,42,62,45,33
0,38,34,18,77,18,84,37,70,59,53
1,57,38,63,62,42,34,38,93,43,49
1,43,41,95,68,79,40,59,85,20,61
0,55,32,51,82,73,84,38,75,41,50
1,42,41,82,76,69,44,29,31,30,52
0,17,31,77,40,11,43,5,80,65,41
0,38,36,85,77,26,48,66,55,43,44
0,55,36,2,58,30,64,29,80,41,43
0,18,34,13,78,3,100,8,48,68,43
0,9,34,0,45,76,75,54,62,54,44
0,13,33,58,78,5,47,38,51,56,55
1,59,39,23,48,38,4,56,76,49,30
1,41,38,28,79,24,39,51,52,33,33
0,47,30,55,45,2,85,90,74,56,51
1,88,39,58,13,40,57,55,58,36,65
0,42,37,11,62,71,59,56,76,62,41
1,71,41,51,0,86,25,47,72,50,53
1,48,36,86,51,5,7,12,50,42,37
0,4,36,60,92,58,88,30,72,51,56
1,78,35,42,16,72,54,90,32,48,31
0,10,35,82,78,74,61,19,55,68,45
1,80,36,13,2,5,13,88,44,47,32
1,81,43,82,36,41,60,19,75,26,59
0,16,38,13,90,6,68,42,46,49,57
0,26,33,88,63,57,67,33,23,69,51
0,11,32,68,63,72,42,3,52,51,54
0,34,34,57,66,0,55,81,88,63,52
0,1,39,4,98,78,48,80,63,57,60
1,45,37,22,77,36,5,13,91,47,39
0,23,38,0,20,93,81,55,33,57,45
0,39,36,24,48,35,55,63,30,52,46
1,54,44,99,1,90,46,36,50,49,39
0,32,32,7,63,83,75,44,58,69,49
1,41,35,77,37,54,29,12,44,45,57
0,9,37,11,43,37,98,82,32,49,50
0,48,36,60,90,95,93,27,66,43,45
0,40,35,36,98,26,66,83,67,47,54
1,87,37,66,12,24,20,39,97,41,44
1,78,36,94,69,16,32,49,43,48,41
1,45,41,15,32,8,54,83,66,50,45
1,62,44,15,27,77,51,45,34,36,48
1,52,41,48,79,82,44,43,83,37,51
0,0,38,80,33,90,85,12,88,47,50
0,53,34,28,86,51,72,17,65,60,52
0,41,39,10,46,30,100,60,38,68,46
1,96,41,96,22,96,41,16,87,29,48
1,63,45,36,62,53,7,11,55,40,53
1,77,44,28,28,45,48,50,59,24,56
1,68,45,67,35,10,20,30,47,40,48
0,47,33,47,73,84,72,72,85,43,46
1,63,35,44,38,18,12,36,88,26,41
1,54,39,14,24,40,39,65,50,36,34
1,46,44,41,68,66,21,90,52,47,38
0,28,37,53,63,66,87,69,41,43,51
0,48,37,65,32,64,80,5,84,57,53
0,52,36,69,92,82,88,7,36,66,56
0,43,40,47,69,93,60,90,85,62,52
1,75,37,43,6,5,27,77,81,45,35
1,79,35,29,3,72,46,59,62,39,60
1,53,40,15,59,51,56,10,63,26,59
1,45,42,36,28,80,18,23,91,39,62
1,47,41,99,33,6,38,76,45,29,42
0,10,33,34,51,32,89,64,65,67,47
0,0,36,52,90,15,41,90,21,69,49
1,81,41,51,80,63,17,90,57,42,36
0,58,37,21,68,14,97,27,37,55,48
0,0,34,14,71,27,60,88,36,45,54
1,97,43,92,62,83,57,56,86,38,38
1,59,44,66,26,14,16,90,81,20,50
1,51,37,25,45,53,59,61,92,24,69
1,65,44,22,53,60,33,90,30,30,68
0,12,40,32,64,23,76,25,84,62,43
1,54,36,73,59,9,25,68,36,22,45
1,66,45,32,75,66,28,64,76,23,34
1,62,42,64,8,36,7,95,31,35,30
0,24,32,17,66,43,52,81,52,51,52
0,12,30,66,60,46,71,60,62,47,45
1,72,37,14,43,65,7,62,54,43,39
1,89,41,82,6,97,12,35,87,22,65
0,0,35,48,39,31,64,12,25,55,59
0,26,40,75,88,10,56,82,81,67,56
1,57,42,53,39,72,50,77,71,47,50
1,58,42,42,55,33,29,75,34,32,50
0,5,32,80,21,10,55,65,70,47,46
0,37,38,71,23,60,50,10,71,66,59
0,43,30,30,56,8,51,69,58,66,44
1,56,42,39,12,76,51,41,72,30,53
0,32,40,33,54,41,57,63,47,42,47
1,51,43,35,55,40,37,48,85,50,45
1,43,39,53,30,67,36,63,58,48,38
1,41,45,55,21,70,2,61,70,38,47
0,3,35,66,85,3,59,88,33,67,55
0,19,39,4,57,25,55,11,33,40,46
0,10,32,2,54,32,94,2,25,52,40
0,30,34,22,83,85,85,59,47,70,56
1,100,40,19,76,46,27,60,98,21,69
1,52,40,35,62,89,26,17,49,49,49
1,67,38,56,79,11,20,28,36,24,44
0,41,34,68,70,79,73,79,30,60,42
1,59,40,48,13,69,24,91,39,40,30
1,98,37,51,52,63,45,59,94,20,65
1,87,42,27,60,83,27,78,39,41,63
0,26,37,42,99,29,76,32,40,40,43
0,12,38,60,91,82,77,26,30,51,47
0,46,39,50,96,89,46,49,86,48,49
0,56,35,66,20,78,80,76,39,65,45
1,51,36,36,10,76,11,62,93,36,38
1,65,45,31,30,80,5,78,66,34,51
1,74,45,23,63,12,35,33,36,31,66
1,63,36,56,19,11,20,19,84,40,60
0,34,30,85,45,75,60,43,49,60,56
1,73,41,52,7,54,13,54,88,22,34
1,55,38,57,61,60,48,33,59,22,43
0,58,39,83,44,42,72,25,44,55,49
1,75,35,50,28,82,35,64,44,24,49
1,44,43,84,24,52,32,48,32,37,35
0,59,35,49,51,31,65,6,46,56,52
0,57,33,42,79,25,99,35,41,48,59
0,39,31,82,54,49,45,12,84,43,51
0,38,38,82,28,33,54,5,76,61,40
1,65,44,27,48,46,48,12,33,49,59
0,7,39,28,43,34,68,89,87,67,52
1,61,45,64,17,93,49,71,43,36,44
1,65,40,19,45,78,36,72,54,28,63
1,41,39,39,14,68,16,99,51,30,48
1,63,35,38,60,80,40,27,97,27,38
1,83,42,99,16,15,12,68,54,42,45
0,55,32,47,64,93,59,34,22,41,56
1,83,36,48,52,35,30,76,48,38,52
1,71,39,30,46,90,52,95,55,35,51
0,53,38,1,63,32,87,8,81,61,44
1,90,37,49,62,91,17,51,35,33,57
0,11,32,54,51,65,85,24,62,67,41
1,98,42,32,28,15,20,60,61,33,36
1,93,39,90,76,52,14,44,50,36,47
0,21,36,65,97,59,47,72,79,67,43
1,69,38,58,21,66,18,69,32,30,63
0,0,33,67,98,20,62,47,88,49,52
1,54,40,19,25,39,17,90,98,39,36
1,93,45,25,62,90,25,90,56,40,44
1,84,41,36,16,48,5,81,68,38,49
0,1,38,50,55,60,52,21,43,52,51
1,91,39,83,23,66,22,79,46,38,44
0,23,39,76,41,50,94,1,90,53,47
0,35,38,25,71,15,90,81,38,62,40
0,24,37,74,81,25,100,2,43,59,42
1,63,44,33,53,21,8,36,91,21,54
1,64,41,37,71,74,5,13,55,26,39
1,47,45,34,53,79,49,41,49,50,46
1,63,39,72,69,48,40,98,42,44,48
1,74,42,93,26,27,38,21,77,23,45
1,68,44,94,66,64,16,69,72,24,48
1,83,40,22,39,92,59,43,48,49,62
0,27,33,59,28,20,78,24,83,53,55
1,95,35,88,37,15,20,58,91,30,66
1,74,43,90,54,20,21,37,81,21,38
0,27,33,36,99,94,81,78,43,60,44
1,80,39,99,3,24,24,99,98,47,42
0,12,39,25,92,52,53,49,70,42,47
0,43,39,90,94,44,77,67,28,42,49
1,98,36,72,64,65,10,66,81,37,33
0,37,30,90,59,18,65,26,64,62,56
1,81,45,45,20,12,60,79,50,23,47
1,99,35,16,55,51,4,75,84,47,55
0,7,31,58,66,42,84,82,78,66,44
1,91,38,33,24,47,28,54,75,46,59
0,50,34,30,35,15,79,54,87,44,45
1,85,40,81,48,19,3,85,63,39,36
1,44,35,40,54,70,17,13,38,25,56
1,56,38,63,17,79,6,47,42,29,36
1,81,35,11,35,95,47,24,94,37,47
1,91,37,74,16,25,39,36,35,32,45
1,79,44,74,45,89,20,29,56,31,65
1,56,44,20,72,40,29,25,61,30,53
0,5,34,13,97,52,69,44,36,49,60
1,40,44,85,52,21,44,19,54,36,35
1,53,43,78,31,46,23,92,36,48,44
1,84,41,97,59,84,14,61,92,44,70
0,39,31,71,31,11,94,77,78,59,54
1,58,41,24,33,31,60,44,48,32,51
0,12,34,51,33,48,74,80,67,40,40
0,15,39,40,68,62,81,74,49,42,60
1,98,42,46,69,75,1,53,66,39,40
0,21,36,35,88,87,87,82,63,43,56
1,87,43,88,29,66,45,43,51,45,45
1,74,39,68,75,49,3,36,44,43,59
0,6,31,35,59,14,81,3,46,67,47
0,11,35,15,73,37,91,9,35,47,41
0,21,37,17,75,78,49,27,67,42,58
0,59,30,57,56,26,91,9,51,54,44
1,65,43,94,75,43,0,33,66,42,58
1,87,39,91,72,40,30,65,90,42,63
0,3,33,48,100,4,90,36,57,57,43
1,52,41,81,43,44,31,36,88,41,65
1,90,43,13,14,83,14,56,37,42,47
1,48,42,80,37,67,44,72,87,39,59
0,5,33,35,67,20,60,37,88,51,54
1,65,42,78,30,47,55,62,48,45,48
1,54,35,15,77,82,6,97,75,34,49
1,59,36,89,62,39,53,65,31,45,32
1,80,43,54,49,38,35,62,38,29,56
1,58,42,11,63,41,55,22,37,50,67
0,19,39,52,88,39,52,9,46,61,51
0,59,35,48,76,88,57,79,69,53,58
1,43,45,70,41,94,23,65,70,37,58
0,32,34,54,85,86,41,48,27,47,58
0,38,32,63,63,92,49,72,72,54,47
0,1,40,28,68,87,43,3,44,59,58
1,62,38,35,53,7,21,42,77,30,65
1,54,38,47,11,68,57,11,38,39,68
1,68,36,94,40,97,2,55,88,25,64
0,23,31,60,97,59,73,73,51,68,57
0,32,30,81,48,10,84,51,83,61,55
1,94,39,59,20,63,36,79,97,50,70
0,44,39,59,83,72,84,16,67,58,43
0,39,38,20,26,36,72,20,31,65,46
0,49,37,41,24,24,45,56,55,63,56
1,68,39,93,12,70,3,24,53,28,66
1,74,36,54,10,87,48,91,69,50,31
1,50,38,14,69,6,27,55,66,29,50
0,10,35,46,75,4,56,87,61,45,51
1,100,45,47,77,56,15,40,95,45,56
0,50,30,10,25,18,50,29,63,42,57
0,59,33,25,98,20,48,60,60,61,44
1,82,40,46,48,73,4,51,94,41,38
0,44,31,17,63,90,56,5,26,60,45
1,62,38,39,64,47,59,98,44,25,41
0,28,34,43,88,30,78,66,51,57,55
0,43,36,9,99,56,41,62,82,50,47
1,86,40,44,19,57,47,99,77,32,37
1,59,41,80,11,99,32,37,65,29,70
1,99,45,52,63,99,8,20,95,22,69
0,18,39,19,72,38,99,80,54,48,46
0,31,38,80,60,58,51,74,77,53,53
1,99,45,11,73,18,54,99,67,28,66
0,46,38,10,34,85,45,42,75,65,41
0,53,34,63,76,42,92,55,68,50,50
1,97,37,36,23,39,21,89,96,36,30
0,51,39,34,84,18,70,37,38,44,60
1,86,41,23,2,62,34,99,35,20,69
0,50,31,45,37,24,40,42,90,66,47
0,29,39,13,30,4,58,63,55,66,49
0,53,34,1,43,23,45,26,33,58,50
1,68,36,18,24,91,5,97,93,45,37
1,84,40,39,53,44,25,86,54,45,66
1,56,43,38,10,83,57,86,86,41,48
0,44,39,35,30,55,61,69,85,69,45
1,98,37,100,69,95,55,35,100,36,60
0,39,38,57,94,35,82,36,34,54,56
1,98,43,52,15,13,22,78,43,22,49
1,52,43,68,3,39,47,67,70,50,69
1,75,41,77,15,56,12,51,60,22,63
0,27,39,14,44,70,49,56,48,59,57
1,58,35,89,34,63,55,69,85,28,58
1,100,42,94,65,6,52,53,40,35,36
1,95,45,94,62,100,44,34,40,27,33
0,0,36,34,34,9,51,77,25,63,48
0,2,39,72,38,47,96,2,44,68,55
1,83,35,16,65,93,34,64,73,23,55
0,59,40,45,73,11,44,41,33,68,49
1,74,36,29,45,76,22,38,61,34,43
1,84,40,36,78,96,36,26,63,37,59
0,5,30,0,79,23,98,42,40,67,53
1,54,37,67,34,42,39,23,69,28,37
0,51,32,34,88,20,53,84,63,41,45
0,12,30,89,96,25,94,72,28,54,58
0,54,39,22,88,32,63,24,76,55,47
0,45,32,51,55,2,42,35,73,62,41
1,93,35,21,55,31,8,23,100,45,43
1,83,35,70,6,81,11,20,78,34,57
1,77,42,57,28,60,21,50,55,39,61
1,53,39,50,15,5,29,76,67,34,32
0,59,33,85,79,83,82,2,51,54,50
1,67,42,38,2,45,47,99,87,49,40
1,81,40,69,13,97,41,63,100,29,39
0,51,38,5,63,9,77,23,22,46,60
0,33,40,46,96,94,68,48,65,44,45
0,31,36,29,46,34,54,46,83,70,60
1,98,41,32,2,83,24,73,40,22,48
1,63,39,14,66,75,26,51,76,39,50
1,59,43,85,6,9,57,58,80,42,33
0,3,30,33,28,27,82,8,62,67,57
0,57,32,80,24,66,64,46,86,68,57
0,53,33,39,52,55,54,34,88,50,41
0,0,38,29,75,72,44,40,88,53,47
1,90,43,49,26,83,58,97,54,37,44
0,20,34,8,84,94,64,38,36,70,44
0,41,32,77,37,2,99,21,37,47,60
0,13,37,21,38,19,98,55,22,41,57
0,6,31,24,89,18,82,47,83,45,42
1,55,37,52,17,85,58,93,32,36,40
1,93,35,84,16,77,2,91,58,25,66
1,65,43,72,46,95,38,40,86,24,43
0,12,39,27,77,47,44,70,68,62,41
1,46,44,17,3,34,57,10,76,50,62
0,18,33,78,68,70,40,63,22,67,55
0,15,36,1,40,34,71,51,32,67,43
0,44,38,77,23,28,94,6,21,66,48
1,67,35,70,78,83,31,100,90,38,66
1,72,38,11,6,46,9,37,99,48,46
1,72,42,82,53,36,5,89,63,31,44
0,24,38,65,59,28,72,49,31,47,48
0,11,37,74,95,67,59,26,89,51,43
1,86,39,95,68,6,14,89,52,24,45
1,60,45,89,18,49,25,33,57,30,51
1,67,45,61,54,69,44,57,97,35,42
0,47,40,8,86,64,90,79,52,56,43
0,34,36,77,25,51,88,71,22,62,54
1,88,38,57,29,50,57,79,72,44,57
0,57,38,35,34,80,87,16,41,70,55
1,90,44,90,7,78,58,99,94,41,65
1,73,41,95,48,41,28,81,48,29,53
0,55,30,6,94,61,90,70,72,45,43
1,49,39,66,32,87,60,76,48,49,57
1,70,37,97,77,67,27,73,72,43,44
1,70,40,52,78,19,49,45,81,47,53
0,12,33,76,86,18,96,70,68,67,51
0,10,30,49,74,75,60,38,31,46,41
0,24,31,60,45,26,89,1,62,64,49
1,91,38,60,45,28,43,11,85,39,41
1,79,36,61,75,61,3,11,37,48,52
1,96,43,20,6,98,31,98,60,33,40
0,6,40,89,31,73,61,49,68,44,56
0,15,31,12,53,16,82,44,63,69,54
0,46,30,87,78,80,90,18,52,43,40
0,18,39,59,24,58,91,36,64,53,56
0,9,35,56,70,14,77,10,86,51,47
1,96,42,79,70,69,25,44,82,27,41
0,33,34,36,20,65,52,60,60,58,60
0,19,33,58,86,18,49,50,70,55,60
1,64,45,84,39,81,2,56,38,46,39
0,30,35,51,27,33,70,32,47,41,50
0,56,31,65,59,86,55,55,88,67,56
0,4,33,68,30,95,70,14,31,66,59
1,43,42,73,52,16,35,12,31,44,49
0,34,38,35,43,76,78,53,70,52,51
0,46,34,63,83,49,41,63,57,48,58
1,68,40,27,65,57,60,47,30,21,56
0,52,37,3,57,76,83,55,45,51,56
0,3,40,43,21,35,41,13,81,45,40
1,87,39,58,5,74,60,69,53,22,53
0,51,39,70,26,28,61,34,74,55,46
1,50,41,59,8,78,31,27,56,49,55
1,44,35,62,40,70,46,20,50,35,33
0,5,37,52,24,20,79,62,51,66,53
0,8,40,86,93,19,56,1,41,46,45
1,43,43,30,47,31,12,34,71,34,69
1,43,40,71,15,47,56,13,63,32,59
0,10,38,7,52,70,54,11,51,68,53
1,97,44,81,68,75,32,84,97,44,65
1,86,42,88,78,85,5,77,55,22,68
0,42,35,58,27,27,97,22,30,44,51
0,18,39,54,40,91,40,33,80,47,52
0,22,35,3,98,72,73,64,26,58,51
0,26,32,45,44,46,79,85,78,45,42
0,59,39,55,97,22,87,84,70,43,56
0,0,35,73,21,94,96,54,29,60,40
0,1,40,70,53,77,91,63,63,51,55
0,54,38,75,84,87,57,5,79,57,48
1,78,44,64,45,7,3,30,63,23,58
0,19,31,31,33,7,80,62,24,53,50
1,82,45,17,31,52,29,19,85,31,39
0,22,36,58,76,24,78,52,87,51,60
0,7,39,68,51,22,89,9,71,63,45
1,95,41,70,54,11,44,85,30,45,30
0,21,34,14,26,6,42,67,51,54,53
0,6,34,63,61,77,100,14,45,48,55
1,49,40,27,25,83,15,63,47,43,65
0,55,36,57,96,36,84,26,28,43,42
0,26,34,18,27,42,60,22,57,69,47
0,8,33,9,86,89,66,41,86,64,55
1,66,45,20,80,61,45,17,40,44,41
0,48,37,6,46,45,54,63,35,66,56
0,19,34,16,31,84,99,53,48,51,42
0,17,35,68,40,26,46,78,65,57,57
0,42,35,8,42,13,44,4,81,45,49
0,37,33,4,89,93,56,89,88,45,54
0,54,35,20,22,33,93,80,37,51,46
0,24,34,69,28,25,52,10,43,48,58
0,51,31,25,59,81,48,27,33,61,46
0,27,31,12,29,30,68,30,87,63,42
1,80,40,50,64,45,36,87,86,20,33
0,36,40,42,40,2,44,53,29,52,58
0,51,37,55,58,90,62,82,57,64,60
1,91,42,91,45,24,39,78,37,42,55
0,60,31,7,36,22,62,3,60,40,56
1,97,44,90,1,92,21,76,45,45,33
0,27,31,63,67,4,44,62,88,48,41
1,65,40,27,21,69,23,70,91,41,70
0,13,38,54,76,44,41,55,42,63,60
0,50,35,81,34,95,44,12,73,41,57
1,56,45,97,54,26,30,45,91,21,56
0,2,39,39,68,32,51,23,41,52,50
1,79,38,58,10,74,52,96,37,28,46
0,41,37,45,78,38,83,87,29,59,50
1,81,43,60,75,22,28,68,53,47,55
1,77,41,98,8,35,38,56,99,36,64
0,56,37,62,53,86,42,73,23,49,42
1,43,37,37,64,26,15,24,35,21,31
1,84,40,98,57,72,46,32,71,27,42
1,63,36,28,29,93,14,96,48,25,43
0,44,40,10,38,62,44,18,66,65,59
0,1,38,64,81,52,79,80,26,66,51
0,14,39,81,80,2,96,38,25,51,59
1,72,44,74,16,10,51,49,56,33,69
1,96,36,42,24,44,36,85,72,47,51
0,22,35,76,68,81,52,45,20,47,52
0,42,33,12,24,46,67,23,62,51,58
1,97,45,57,75,35,60,75,97,40,38
0,38,30,21,85,27,67,73,75,53,52
1,43,43,55,64,21,7,92,70,38,34
0,8,38,89,80,20,97,71,83,53,54
0,1,33,54,93,71,72,15,71,55,46
1,97,39,27,52,80,42,16,80,38,47
0,39,32,11,29,5,96,19,59,52,56
1,63,41,73,76,87,56,81,43,24,34
0,52,31,71,43,7,81,34,44,70,45
1,100,42,51,15,98,13,33,37,20,40
1,59,43,28,40,46,47,74,86,46,62
0,9,36,5,91,86,99,54,70,68,59
0,34,36,82,78,35,56,78,50,47,60
1,64,39,95,51,36,10,10,54,33,53
0,21,35,6,23,4,87,80,26,55,51
0,36,33,46,53,39,78,1,66,47,48
0,37,35,13,97,23,80,11,46,66,58
0,35,32,32,53,93,57,9,48,43,45
0,34,30,39,32,89,73,79,42,59,44
0,35,40,29,48,58,41,54,83,42,56
1,59,45,64,14,91,60,63,42,28,37
0,53,37,52,87,77,58,15,58,56,58
1,51,42,19,42,58,1,18,60,22,38
1,74,41,99,35,76,24,40,75,25,64
0,16,32,6,69,52,61,14,42,69,58
1,66,35,29,3,76,23,44,66,33,65
0,51,34,58,60,66,79,14,77,58,53
0,21,31,90,90,30,78,39,79,55,48
1,82,45,91,39,52,53,22,87,37,30
0,38,35,80,61,47,67,55,73,65,49